message_type,timestamp,active_calories,active_time,activity_type,current_activity_type_intensity,cycles,cycles_to_calories,cycles_to_distance,data,data16,distance,duration_min,enabled,event,event_type,garmin_product,heart_rate,intensity,local_timestamp,manufacturer,number,resting_metabolic_rate,serial_number,software_version,steps,stress_level_time,stress_level_value,time_created,timestamp_16,type,unknown_0,unknown_1,unknown_14,unknown_15,unknown_16,unknown_2,unknown_253,unknown_3,unknown_35,unknown_36,unknown_37,unknown_38,unknown_4,unknown_6,unknown_7,unknown_8,version
file_id,,,,,,,,,,,,,,,,4644,,,,garmin,112,,3617778896,,,,,2026-04-07 12:52:00,,monitoring_b,,,,,,,,,,,,,,,,,
device_info,2026-04-07 12:52:00,,,,,,,,,,,,,,,4644,,,,garmin,,,3617778896,16.37,,,,,,,,,,,,,,,,,,,,,,,
software,,,,,,,,,,,,,,,,,,,,,,,,,,,,,,,,,,,,,,,,,,,,,,,6.0
unknown_355,,,,,,,,,,,,,,,,,,,,,,,,,,,,,,,0,0,,,,200,,,,,,,,,,,
unknown_484,,,,,,,,,,,,,,,,,,,,,,,,,,,,,,,100,,,,,,,,,,,,,,,,
monitoring_info,2026-04-07 12:52:00,,,"(6, 1, 13)",,,"(0.0468, 0.1476, 0.0)","(1.6652, 2.4978, 2.0)",,,,,,,,,,,2026-04-07 21:52:00,,,2016,,,,,,,,,,,,,,,,,,,,,,,"(7440, 7440, 2000, 2000)",,
unknown_24,,,,,,,,,,,,,,,,,,,,,,,,,,,,,,,,,,,,"(44, 178, 55, 68, 0, 2, 0, 16, 164, 0, 0, 32, 72, 1, 0, 0, 0, 0, 0, 0, 0, 0, 0, 0, 0, 0, 0)",,,,,,,,,,,
unknown_24,,,,,,,,,,,,,,,,,,,,,,,,,,,,,,,,,,,,"(44, 178, 55, 68, 0, 3, 0, 255, 255, 0, 0, 0, 0, 0, 0, 0, 0, 0, 0, 0, 0, 0, 0, 0, 0, 0, 0)",,,,,,,,,,,
monitoring,2026-04-07 12:52:00,,,,,,,,,,,,,,,,,,,,,,,,,,,,,,,,,,,,,,0,0,,,,,,,
monitoring,2026-04-07 12:52:00,,,,,,,,,,,,,,,,,,,,,,,,,,,,,,,,,,,,,,,,0,0,,,,,
ohr_settings,,,,,,,,,,,,,off,,,,,,,,,,,,,,,,,,,,,,,,1144500720,,,,,,,,,,
event,2026-04-07 12:53:00,,,,,,,,300,300,,,,78,marker,,,,,,,,,,,,,,,,,,,,,,,,,,,,,,,,
monitoring,2026-04-07 12:52:00,,,9,"(9,)",,,,,,,,,,,,,0,,,,,,,,,,,,,,,,,,,,,,,,,,,,,
stress_level,,,,,,,,,,,,,,,,,,,,,,,,,,2026-04-07 12:53:00,-1,,,,,,,,,101,,,,,,,126,,,,
unknown_297,,,,,,,,,,,,,,,,,,,,,,,,,,,,,,,0,,,,,,1144500780,,,,,,,,,,
monitoring,,,,,,,,,,,,,,,,,0,,,,,,,,,,,,45612,,,,,,,,,,,,,,,,,,
stress_level,,,,,,,,,,,,,,,,,,,,,,,,,,2026-04-07 12:54:00,-1,,,,,,,,,101,,,,,,,126,,,,
unknown_297,,,,,,,,,,,,,,,,,,,,,,,,,,,,,,,0,,,,,,1144500840,,,,,,,,,,
unknown_279,,,,,,,,,,,,,,,,,,,,,,,,,,,,,,,2719,,,,,,1144500840,,,,,,,,,,
unknown_24,,,,,,,,,,,,,,,,,,,,,,,,,,,,,,,,,,,,"(104, 178, 55, 68, 2, 2, 64, 0, 0, 78, 85, 0, 0, 0, 0, 0, 0, 85, 85, 85, 85, 85, 1, 0, 1, 0, 0)",,,,,,,,,,,
stress_level,,,,,,,,,,,,,,,,,,,,,,,,,,2026-04-07 12:55:00,-1,,,,,,,,,101,,,,,,,126,,,,
unknown_297,,,,,,,,,,,,,,,,,,,,,,,,,,,,,,,0,,,,,,1144500900,,,,,,,,,,
stress_level,,,,,,,,,,,,,,,,,,,,,,,,,,2026-04-07 12:56:00,-1,,,,,,,,,101,,,,,,,126,,,,
unknown_297,,,,,,,,,,,,,,,,,,,,,,,,,,,,,,,0,,,,,,1144500960,,,,,,,,,,
unknown_279,,,,,,,,,,,,,,,,,,,,,,,,,,,,,,,2721,,,,,,1144500960,,,,,,,,,,
stress_level,,,,,,,,,,,,,,,,,,,,,,,,,,2026-04-07 12:57:00,-1,,,,,,,,,101,,,,,,,126,,,,
unknown_297,,,,,,,,,,,,,,,,,,,,,,,,,,,,,,,0,,,,,,1144501020,,,,,,,,,,
stress_level,,,,,,,,,,,,,,,,,,,,,,,,,,2026-04-07 12:58:00,-1,,,,,,,,,101,,,,,,,126,,,,
unknown_297,,,,,,,,,,,,,,,,,,,,,,,,,,,,,,,0,,,,,,1144501080,,,,,,,,,,
unknown_279,,,,,,,,,,,,,,,,,,,,,,,,,,,,,,,2712,,,,,,1144501080,,,,,,,,,,
stress_level,,,,,,,,,,,,,,,,,,,,,,,,,,2026-04-07 12:59:00,-1,,,,,,,,,101,,,,,,,126,,,,
unknown_297,,,,,,,,,,,,,,,,,,,,,,,,,,,,,,,0,,,,,,1144501140,,,,,,,,,,
stress_level,,,,,,,,,,,,,,,,,,,,,,,,,,2026-04-07 13:00:00,-1,,,,,,,,,101,,,,,,,126,,,,
unknown_297,,,,,,,,,,,,,,,,,,,,,,,,,,,,,,,0,,,,,,1144501200,,,,,,,,,,
unknown_279,,,,,,,,,,,,,,,,,,,,,,,,,,,,,,,2704,,,,,,1144501200,,,,,,,,,,
stress_level,,,,,,,,,,,,,,,,,,,,,,,,,,2026-04-07 13:01:00,-1,,,,,,,,,101,,,,,,,126,,,,
unknown_297,,,,,,,,,,,,,,,,,,,,,,,,,,,,,,,0,,,,,,1144501260,,,,,,,,,,
stress_level,,,,,,,,,,,,,,,,,,,,,,,,,,2026-04-07 13:02:00,-1,,,,,,,,,101,,,,,,,126,,,,
unknown_297,,,,,,,,,,,,,,,,,,,,,,,,,,,,,,,0,,,,,,1144501320,,,,,,,,,,
unknown_279,,,,,,,,,,,,,,,,,,,,,,,,,,,,,,,2698,,,,,,1144501320,,,,,,,,,,
stress_level,,,,,,,,,,,,,,,,,,,,,,,,,,2026-04-07 13:03:00,-1,,,,,,,,,101,,,,,,,126,,,,
unknown_297,,,,,,,,,,,,,,,,,,,,,,,,,,,,,,,0,,,,,,1144501380,,,,,,,,,,
stress_level,,,,,,,,,,,,,,,,,,,,,,,,,,2026-04-07 13:04:00,-1,,,,,,,,,101,,,,,,,126,,,,
unknown_297,,,,,,,,,,,,,,,,,,,,,,,,,,,,,,,0,,,,,,1144501440,,,,,,,,,,
unknown_279,,,,,,,,,,,,,,,,,,,,,,,,,,,,,,,2702,,,,,,1144501440,,,,,,,,,,
stress_level,,,,,,,,,,,,,,,,,,,,,,,,,,2026-04-07 13:05:00,-1,,,,,,,,,101,,,,,,,126,,,,
unknown_297,,,,,,,,,,,,,,,,,,,,,,,,,,,,,,,0,,,,,,1144501500,,,,,,,,,,
stress_level,,,,,,,,,,,,,,,,,,,,,,,,,,2026-04-07 13:06:00,-1,,,,,,,,,101,,,,,,,126,,,,
unknown_297,,,,,,,,,,,,,,,,,,,,,,,,,,,,,,,0,,,,,,1144501560,,,,,,,,,,
unknown_279,,,,,,,,,,,,,,,,,,,,,,,,,,,,,,,2702,,,,,,1144501560,,,,,,,,,,
stress_level,,,,,,,,,,,,,,,,,,,,,,,,,,2026-04-07 13:07:00,-1,,,,,,,,,101,,,,,,,126,,,,
unknown_297,,,,,,,,,,,,,,,,,,,,,,,,,,,,,,,0,,,,,,1144501620,,,,,,,,,,
stress_level,,,,,,,,,,,,,,,,,,,,,,,,,,2026-04-07 13:08:00,-1,,,,,,,,,101,,,,,,,126,,,,
unknown_297,,,,,,,,,,,,,,,,,,,,,,,,,,,,,,,0,,,,,,1144501680,,,,,,,,,,
unknown_279,,,,,,,,,,,,,,,,,,,,,,,,,,,,,,,2702,,,,,,1144501680,,,,,,,,,,
event,2026-04-07 13:08:22,,,,,,,,0,0,,,,62,start,,,,,,,,,,,,,,,,,,,,,,,,,,,,,,,,
unknown_233,,,,,,,,,,,,,,,,,,,,,,,,,,,,,,,,,,,,"(24, 11, 0, 224)",,,,,,,,,,,
unknown_233,,,,,,,,,,,,,,,,,,,,,,,,,,,,,,,,,,,,"(128, 48, 19, 208)",,,,,,,,,,,
unknown_233,,,,,,,,,,,,,,,,,,,,,,,,,,,,,,,,,,,,"(146, 52, 15, 208)",,,,,,,,,,,
monitoring,2026-04-07 13:08:00,,,sedentary,"(8,)",,,,,,,,,,,,,0,,,,,,,,,,,,,,,,,,,,,,,,,,,,,
stress_level,,,,,,,,,,,,,,,,,,,,,,,,,,2026-04-07 13:09:00,-1,,,,,,,,,101,,,,,,,126,,,,
unknown_297,,,,,,,,,,,,,,,,,,,,,,,,,,,,,,,0,,,,,,1144501740,,,,,,,,,,
monitoring,,,,,,,,,,,,,,,,,0,,,,,,,,,,,,46572,,,,,,,,,,,,,,,,,,
unknown_233,,,,,,,,,,,,,,,,,,,,,,,,,,,,,,,,,,,,"(40, 0, 0, 248)",,,,,,,,,,,
monitoring,,,60.0,walking,"(38,)",4.5,,,,,,,,,,,,1,,,,,,,,,,,46572,,,,,,,,,,,,,,,,,,
stress_level,,,,,,,,,,,,,,,,,,,,,,,,,,2026-04-07 13:10:00,-2,,,,,,,,,102,,,,,,,126,,,,
unknown_297,,,,,,,,,,,,,,,,,,,,,,,,,,,,,,,-100,,,,,,1144501800,,,,,,,,,,
monitoring,,,,,,,,,,,,,,,,,89,,,,,,,,,,,,46632,,,,,,,,,,,,,,,,,,
unknown_279,,,,,,,,,,,,,,,,,,,,,,,,,,,,,,,2678,,,,,,1144501800,,,,,,,,,,
unknown_233,,,,,,,,,,,,,,,,,,,,,,,,,,,,,,,,,,,,"(106, 0, 64, 224)",,,,,,,,,,,
stress_level,,,,,,,,,,,,,,,,,,,,,,,,,,2026-04-07 13:11:00,-2,,,,,,,,,102,,86,,,,,125,,,,
unknown_297,,,,,,,,,,,,,,,,,,,,,,,,,,,,,,,-100,,,,,,1144501860,,,,,,,,,,
monitoring,,,,,,,,,,,,,,,,,95,,,,,,,,,,,,46692,,,,,,,,,,,,,,,,,,
unknown_233,,,,,,,,,,,,,,,,,,,,,,,,,,,,,,,,,,,,"(138, 255, 255, 255)",,,,,,,,,,,
stress_level,,,,,,,,,,,,,,,,,,,,,,,,,,2026-04-07 13:12:00,47,,,,,,,,,-29,,86,,,,,1,,,,
unknown_297,,,,,,,,,,,,,,,,,,,,,,,,,,,,,,,1391,,,,,,1144501920,,,,,,,,,,
monitoring,,,,,,,,,,,,,,,,,85,,,,,,,,,,,,46752,,,,,,,,,,,,,,,,,,
unknown_269,,,,,,,,,,,,,,,,,,,,,,,,,,,,,,,97,2,,,,3,1144501920,,,,,,,,,,
unknown_279,,,,,,,,,,,,,,,,,,,,,,,,,,,,,,,2679,,,,,,1144501920,,,,,,,,,,
unknown_233,,,,,,,,,,,,,,,,,,,,,,,,,,,,,,,,,,,,"(170, 0, 64, 224)",,,,,,,,,,,
monitoring,2026-04-07 13:12:00,,,sedentary,"(168,)",,,,,,,,,,,,,5,,,,,,,,,,,,,,,,,,,,,,,,,,,,,
stress_level,,,,,,,,,,,,,,,,,,,,,,,,,,2026-04-07 13:13:00,49,,,,,,,,,-32,,86,,,,,1,,,,
unknown_297,,,,,,,,,,,,,,,,,,,,,,,,,,,,,,,1866,,,,,,1144501980,,,,,,,,,,
unknown_269,,,,,,,,,,,,,,,,,,,,,,,,,,,,,,,97,18,,,,3,1144501980,,,,,,,,,,
unknown_233,,,,,,,,,,,,,,,,,,,,,,,,,,,,,,,,,,,,"(44, 0, 0, 248)",,,,,,,,,,,
stress_level,,,,,,,,,,,,,,,,,,,,,,,,,,2026-04-07 13:14:00,60,,,,,,,,,-46,,86,,,,,1,,,,
unknown_297,,,,,,,,,,,,,,,,,,,,,,,,,,,,,,,2033,,,,,,1144502040,,,,,,,,,,
monitoring,,,,,,,,,,,,,,,,,87,,,,,,,,,,,,46872,,,,,,,,,,,,,,,,,,
unknown_269,,,,,,,,,,,,,,,,,,,,,,,,,,,,,,,92,2,,,,3,1144502040,,,,,,,,,,
unknown_279,,,,,,,,,,,,,,,,,,,,,,,,,,,,,,,2681,,,,,,1144502040,,,,,,,,,,
unknown_233,,,,,,,,,,,,,,,,,,,,,,,,,,,,,,,,,,,,"(16, 0, 0, 248)",,,,,,,,,,,
monitoring,2026-04-07 13:14:00,,,sedentary,"(8,)",,,,,,,,,,,,,0,,,,,,,,,,,,,,,,,,,,,,,,,,,,,
stress_level,,,,,,,,,,,,,,,,,,,,,,,,,,2026-04-07 13:15:00,37,,,,,,,,,-16,,86,,,,,1,,,,
unknown_297,,,,,,,,,,,,,,,,,,,,,,,,,,,,,,,1708,,,,,,1144502100,,,,,,,,,,
monitoring,,,,,,,,,,,,,,,,,86,,,,,,,,,,,,46932,,,,,,,,,,,,,,,,,,
unknown_269,,,,,,,,,,,,,,,,,,,,,,,,,,,,,,,89,6,,,,3,1144502100,,,,,,,,,,
unknown_233,,,,,,,,,,,,,,,,,,,,,,,,,,,,,,,,,,,,"(35, 2, 0, 0)",,,,,,,,,,,
monitoring,2026-04-07 13:15:00,,,sedentary,"(72,)",,,,,,,,,,,,,2,,,,,,,,,,,,,,,,,,,,,,,,,,,,,
stress_level,,,,,,,,,,,,,,,,,,,,,,,,,,2026-04-07 13:16:00,54,,,,,,,,,-39,,85,,,,,1,,,,
unknown_297,,,,,,,,,,,,,,,,,,,,,,,,,,,,,,,2141,,,,,,1144502160,,,,,,,,,,
monitoring,,,,,,,,,,,,,,,,,88,,,,,,,,,,,,46992,,,,,,,,,,,,,,,,,,
unknown_269,,,,,,,,,,,,,,,,,,,,,,,,,,,,,,,90,3,,,,3,1144502160,,,,,,,,,,
unknown_279,,,,,,,,,,,,,,,,,,,,,,,,,,,,,,,2681,,,,,,1144502160,,,,,,,,,,
unknown_233,,,,,,,,,,,,,,,,,,,,,,,,,,,,,,,,,,,,"(2, 64, 38, 8)",,,,,,,,,,,
stress_level,,,,,,,,,,,,,,,,,,,,,,,,,,2026-04-07 13:17:00,38,,,,,,,,,-17,,85,,,,,1,,,,
unknown_297,,,,,,,,,,,,,,,,,,,,,,,,,,,,,,,2191,,,,,,1144502220,,,,,,,,,,
unknown_269,,,,,,,,,,,,,,,,,,,,,,,,,,,,,,,91,4,,,,3,1144502220,,,,,,,,,,
unknown_233,,,,,,,,,,,,,,,,,,,,,,,,,,,,,,,,,,,,"(24, 16, 16, 16)",,,,,,,,,,,
stress_level,,,,,,,,,,,,,,,,,,,,,,,,,,2026-04-07 13:18:00,48,,,,,,,,,-30,,85,,,,,1,,,,
unknown_297,,,,,,,,,,,,,,,,,,,,,,,,,,,,,,,2316,,,,,,1144502280,,,,,,,,,,
unknown_269,,,,,,,,,,,,,,,,,,,,,,,,,,,,,,,93,8,,,,3,1144502280,,,,,,,,,,
unknown_279,,,,,,,,,,,,,,,,,,,,,,,,,,,,,,,2679,,,,,,1144502280,,,,,,,,,,
unknown_233,,,,,,,,,,,,,,,,,,,,,,,,,,,,,,,,,,,,"(2, 96, 1, 192)",,,,,,,,,,,
stress_level,,,,,,,,,,,,,,,,,,,,,,,,,,2026-04-07 13:19:00,54,,,,,,,,,-39,,85,,,,,1,,,,
unknown_297,,,,,,,,,,,,,,,,,,,,,,,,,,,,,,,2358,,,,,,1144502340,,,,,,,,,,
monitoring,,,,,,,,,,,,,,,,,89,,,,,,,,,,,,47172,,,,,,,,,,,,,,,,,,
unknown_269,,,,,,,,,,,,,,,,,,,,,,,,,,,,,,,95,4,,,,3,1144502340,,,,,,,,,,
unknown_233,,,,,,,,,,,,,,,,,,,,,,,,,,,,,,,,,,,,"(2, 96, 1, 184)",,,,,,,,,,,
monitoring,2026-04-07 13:19:00,,,sedentary,"(8,)",,,,,,,,,,,,,0,,,,,,,,,,,,,,,,,,,,,,,,,,,,,
stress_level,,,,,,,,,,,,,,,,,,,,,,,,,,2026-04-07 13:20:00,45,,,,,,,,,-27,,85,,,,,1,,,,
unknown_297,,,,,,,,,,,,,,,,,,,,,,,,,,,,,,,2275,,,,,,1144502400,,,,,,,,,,
monitoring,,,,,,,,,,,,,,,,,88,,,,,,,,,,,,47232,,,,,,,,,,,,,,,,,,
unknown_269,,,,,,,,,,,,,,,,,,,,,,,,,,,,,,,95,4,,,,3,1144502400,,,,,,,,,,
unknown_279,,,,,,,,,,,,,,,,,,,,,,,,,,,,,,,2672,,,,,,1144502400,,,,,,,,,,
unknown_233,,,,,,,,,,,,,,,,,,,,,,,,,,,,,,,,,,,,"(148, 68, 0, 176)",,,,,,,,,,,
monitoring,2026-04-07 13:20:00,,,sedentary,"(104,)",,,,,,,,,,,,,3,,,,,,,,,,,,,,,,,,,,,,,,,,,,,
stress_level,,,,,,,,,,,,,,,,,,,,,,,,,,2026-04-07 13:21:00,41,,,,,,,,,-21,,85,,,,,1,,,,
unknown_297,,,,,,,,,,,,,,,,,,,,,,,,,,,,,,,2133,,,,,,1144502460,,,,,,,,,,
monitoring,,,,,,,,,,,,,,,,,92,,,,,,,,,,,,47292,,,,,,,,,,,,,,,,,,
unknown_269,,,,,,,,,,,,,,,,,,,,,,,,,,,,,,,95,3,,,,3,1144502460,,,,,,,,,,
unknown_233,,,,,,,,,,,,,,,,,,,,,,,,,,,,,,,,,,,,"(0, 0, 224, 247)",,,,,,,,,,,
event,2026-04-07 13:22:00,,,,,,,,17,17,,,,54,marker,,,,,,,,,,,,,,,,,,8,1144500600,,,,,,,,,,,,,
stress_level,,,,,,,,,,,,,,,,,,,,,,,,,,2026-04-07 13:22:00,47,,,,,,,,,-29,,85,,,,,1,,,,
unknown_297,,,,,,,,,,,,,,,,,,,,,,,,,,,,,,,1891,,,,,,1144502520,,,,,,,,,,
monitoring,,,,,,,,,,,,,,,,,88,,,,,,,,,,,,47352,,,,,,,,,,,,,,,,,,
unknown_269,,,,,,,,,,,,,,,,,,,,,,,,,,,,,,,94,6,,,,3,1144502520,,,,,,,,,,
unknown_279,,,,,,,,,,,,,,,,,,,,,,,,,,,,,,,2658,,,,,,1144502520,,,,,,,,,,
unknown_233,,,,,,,,,,,,,,,,,,,,,,,,,,,,,,,,,,,,"(0, 0, 0, 24)",,,,,,,,,,,
stress_level,,,,,,,,,,,,,,,,,,,,,,,,,,2026-04-07 13:23:00,55,,,,,,,,,-40,,84,,,,,1,,,,
unknown_297,,,,,,,,,,,,,,,,,,,,,,,,,,,,,,,1866,,,,,,1144502580,,,,,,,,,,
monitoring,,,,,,,,,,,,,,,,,83,,,,,,,,,,,,47412,,,,,,,,,,,,,,,,,,
unknown_269,,,,,,,,,,,,,,,,,,,,,,,,,,,,,,,95,4,,,,3,1144502580,,,,,,,,,,
unknown_233,,,,,,,,,,,,,,,,,,,,,,,,,,,,,,,,,,,,"(0, 0, 0, 32)",,,,,,,,,,,
stress_level,,,,,,,,,,,,,,,,,,,,,,,,,,2026-04-07 13:24:00,46,,,,,,,,,-28,,84,,,,,1,,,,
unknown_297,,,,,,,,,,,,,,,,,,,,,,,,,,,,,,,2150,,,,,,1144502640,,,,,,,,,,
monitoring,,,,,,,,,,,,,,,,,85,,,,,,,,,,,,47472,,,,,,,,,,,,,,,,,,
unknown_269,,,,,,,,,,,,,,,,,,,,,,,,,,,,,,,95,5,,,,3,1144502640,,,,,,,,,,
unknown_279,,,,,,,,,,,,,,,,,,,,,,,,,,,,,,,2657,,,,,,1144502640,,,,,,,,,,
unknown_233,,,,,,,,,,,,,,,,,,,,,,,,,,,,,,,,,,,,"(6, 0, 0, 40)",,,,,,,,,,,
event,2026-04-07 13:25:00,,,,,,,,3,3,,,,54,marker,,,,,,,,,,,,,,,,,,0,1144501620,,,,,,,,,,,,,
stress_level,,,,,,,,,,,,,,,,,,,,,,,,,,2026-04-07 13:25:00,56,,,,,,,,,-41,,84,,,,,1,,,,
unknown_297,,,,,,,,,,,,,,,,,,,,,,,,,,,,,,,1983,,,,,,1144502700,,,,,,,,,,
unknown_269,,,,,,,,,,,,,,,,,,,,,,,,,,,,,,,94,3,,,,3,1144502700,,,,,,,,,,
unknown_233,,,,,,,,,,,,,,,,,,,,,,,,,,,,,,,,,,,,"(0, 0, 0, 48)",,,,,,,,,,,
monitoring,2026-04-07 13:25:00,,,sedentary,"(8,)",,,,,,,,,,,,,0,,,,,,,,,,,,,,,,,,,,,,,,,,,,,
unknown_408,,,,,,,,,,,,,,,,,,,,,,,,,,,,,,,4,,,,,93,1144502754,,,,,,,,,,
stress_level,,,,,,,,,,,,,,,,,,,,,,,,,,2026-04-07 13:26:00,33,,,,,,,,,-11,,84,,,,,1,,,,
unknown_297,,,,,,,,,,,,,,,,,,,,,,,,,,,,,,,1908,,,,,,1144502760,,,,,,,,,,
monitoring,,,,,,,,,,,,,,,,,81,,,,,,,,,,,,47592,,,,,,,,,,,,,,,,,,
unknown_269,,,,,,,,,,,,,,,,,,,,,,,,,,,,,,,95,2,,,,3,1144502760,,,,,,,,,,
unknown_279,,,,,,,,,,,,,,,,,,,,,,,,,,,,,,,2658,,,,,,1144502760,,,,,,,,,,
unknown_233,,,,,,,,,,,,,,,,,,,,,,,,,,,,,,,,,,,,"(2, 88, 1, 192)",,,,,,,,,,,
monitoring,2026-04-07 13:26:00,,,sedentary,"(40,)",,,,,,,,,,,,,1,,,,,,,,,,,,,,,,,,,,,,,,,,,,,
stress_level,,,,,,,,,,,,,,,,,,,,,,,,,,2026-04-07 13:27:00,47,,,,,,,,,-29,,84,,,,,1,,,,
unknown_297,,,,,,,,,,,,,,,,,,,,,,,,,,,,,,,1833,,,,,,1144502820,,,,,,,,,,
monitoring,,,,,,,,,,,,,,,,,84,,,,,,,,,,,,47652,,,,,,,,,,,,,,,,,,
unknown_269,,,,,,,,,,,,,,,,,,,,,,,,,,,,,,,95,2,,,,3,1144502820,,,,,,,,,,
unknown_233,,,,,,,,,,,,,,,,,,,,,,,,,,,,,,,,,,,,"(2, 88, 1, 184)",,,,,,,,,,,
stress_level,,,,,,,,,,,,,,,,,,,,,,,,,,2026-04-07 13:28:00,36,,,,,,,,,-15,,84,,,,,1,,,,
unknown_297,,,,,,,,,,,,,,,,,,,,,,,,,,,,,,,1633,,,,,,1144502880,,,,,,,,,,
unknown_269,,,,,,,,,,,,,,,,,,,,,,,,,,,,,,,86,4,,,,3,1144502880,,,,,,,,,,
unknown_279,,,,,,,,,,,,,,,,,,,,,,,,,,,,,,,2654,,,,,,1144502880,,,,,,,,,,
unknown_233,,,,,,,,,,,,,,,,,,,,,,,,,,,,,,,,,,,,"(28, 56, 0, 176)",,,,,,,,,,,
stress_level,,,,,,,,,,,,,,,,,,,,,,,,,,2026-04-07 13:29:00,39,,,,,,,,,-19,,84,,,,,1,,,,
unknown_297,,,,,,,,,,,,,,,,,,,,,,,,,,,,,,,1983,,,,,,1144502940,,,,,,,,,,
unknown_269,,,,,,,,,,,,,,,,,,,,,,,,,,,,,,,86,3,,,,3,1144502940,,,,,,,,,,
unknown_233,,,,,,,,,,,,,,,,,,,,,,,,,,,,,,,,,,,,"(0, 0, 224, 247)",,,,,,,,,,,
monitoring,2026-04-07 13:29:00,,,sedentary,"(8,)",,,,,,,,,,,,,0,,,,,,,,,,,,,,,,,,,,,,,,,,,,,
stress_level,,,,,,,,,,,,,,,,,,,,,,,,,,2026-04-07 13:30:00,34,,,,,,,,,-12,,84,,,,,1,,,,
unknown_297,,,,,,,,,,,,,,,,,,,,,,,,,,,,,,,2166,,,,,,1144503000,,,,,,,,,,
monitoring,,,,,,,,,,,,,,,,,82,,,,,,,,,,,,47832,,,,,,,,,,,,,,,,,,
unknown_269,,,,,,,,,,,,,,,,,,,,,,,,,,,,,,,88,3,,,,3,1144503000,,,,,,,,,,
unknown_279,,,,,,,,,,,,,,,,,,,,,,,,,,,,,,,2645,,,,,,1144503000,,,,,,,,,,
unknown_233,,,,,,,,,,,,,,,,,,,,,,,,,,,,,,,,,,,,"(0, 0, 0, 56)",,,,,,,,,,,
unknown_408,,,,,,,,,,,,,,,,,,,,,,,,,,,,,,,4,,,,,93,1144503059,,,,,,,,,,
stress_level,,,,,,,,,,,,,,,,,,,,,,,,,,2026-04-07 13:31:00,29,,,,,,,,,-5,,84,,,,,1,,,,
unknown_297,,,,,,,,,,,,,,,,,,,,,,,,,,,,,,,2008,,,,,,1144503060,,,,,,,,,,
monitoring,,,,,,,,,,,,,,,,,83,,,,,,,,,,,,47892,,,,,,,,,,,,,,,,,,
unknown_269,,,,,,,,,,,,,,,,,,,,,,,,,,,,,,,87,4,,,,3,1144503060,,,,,,,,,,
unknown_233,,,,,,,,,,,,,,,,,,,,,,,,,,,,,,,,,,,,"(0, 0, 0, 64)",,,,,,,,,,,
stress_level,,,,,,,,,,,,,,,,,,,,,,,,,,2026-04-07 13:32:00,30,,,,,,,,,-7,,84,,,,,1,,,,
unknown_297,,,,,,,,,,,,,,,,,,,,,,,,,,,,,,,2216,,,,,,1144503120,,,,,,,,,,
monitoring,,,,,,,,,,,,,,,,,85,,,,,,,,,,,,47952,,,,,,,,,,,,,,,,,,
unknown_269,,,,,,,,,,,,,,,,,,,,,,,,,,,,,,,93,4,,,,3,1144503120,,,,,,,,,,
unknown_279,,,,,,,,,,,,,,,,,,,,,,,,,,,,,,,2654,,,,,,1144503120,,,,,,,,,,
unknown_233,,,,,,,,,,,,,,,,,,,,,,,,,,,,,,,,,,,,"(0, 0, 0, 72)",,,,,,,,,,,
stress_level,,,,,,,,,,,,,,,,,,,,,,,,,,2026-04-07 13:33:00,44,,,,,,,,,-25,,83,,,,,1,,,,
unknown_297,,,,,,,,,,,,,,,,,,,,,,,,,,,,,,,2041,,,,,,1144503180,,,,,,,,,,
monitoring,,,,,,,,,,,,,,,,,83,,,,,,,,,,,,48012,,,,,,,,,,,,,,,,,,
unknown_269,,,,,,,,,,,,,,,,,,,,,,,,,,,,,,,97,3,,,,3,1144503180,,,,,,,,,,
unknown_233,,,,,,,,,,,,,,,,,,,,,,,,,,,,,,,,,,,,"(0, 0, 0, 80)",,,,,,,,,,,
stress_level,,,,,,,,,,,,,,,,,,,,,,,,,,2026-04-07 13:34:00,39,,,,,,,,,-19,,83,,,,,1,,,,
unknown_297,,,,,,,,,,,,,,,,,,,,,,,,,,,,,,,1883,,,,,,1144503240,,,,,,,,,,
monitoring,,,,,,,,,,,,,,,,,80,,,,,,,,,,,,48072,,,,,,,,,,,,,,,,,,
unknown_269,,,,,,,,,,,,,,,,,,,,,,,,,,,,,,,99,3,,,,3,1144503240,,,,,,,,,,
unknown_279,,,,,,,,,,,,,,,,,,,,,,,,,,,,,,,2651,,,,,,1144503240,,,,,,,,,,
unknown_233,,,,,,,,,,,,,,,,,,,,,,,,,,,,,,,,,,,,"(35, 2, 0, 0)",,,,,,,,,,,
stress_level,,,,,,,,,,,,,,,,,,,,,,,,,,2026-04-07 13:35:00,33,,,,,,,,,-10,,83,,,,,1,,,,
unknown_297,,,,,,,,,,,,,,,,,,,,,,,,,,,,,,,-100,,,,,,1144503300,,,,,,,,,,
monitoring,,,,,,,,,,,,,,,,,87,,,,,,,,,,,,48132,,,,,,,,,,,,,,,,,,
unknown_269,,,,,,,,,,,,,,,,,,,,,,,,,,,,,,,99,3,,,,3,1144503300,,,,,,,,,,
unknown_233,,,,,,,,,,,,,,,,,,,,,,,,,,,,,,,,,,,,"(12, 120, 1, 192)",,,,,,,,,,,
stress_level,,,,,,,,,,,,,,,,,,,,,,,,,,2026-04-07 13:36:00,45,,,,,,,,,-26,,83,,,,,1,,,,
unknown_297,,,,,,,,,,,,,,,,,,,,,,,,,,,,,,,1820,,,,,,1144503360,,,,,,,,,,
monitoring,,,,,,,,,,,,,,,,,84,,,,,,,,,,,,48192,,,,,,,,,,,,,,,,,,
unknown_269,,,,,,,,,,,,,,,,,,,,,,,,,,,,,,,99,3,,,,3,1144503360,,,,,,,,,,
unknown_279,,,,,,,,,,,,,,,,,,,,,,,,,,,,,,,2651,,,,,,1144503360,,,,,,,,,,
unknown_233,,,,,,,,,,,,,,,,,,,,,,,,,,,,,,,,,,,,"(8, 120, 1, 184)",,,,,,,,,,,
monitoring,2026-04-07 13:36:00,,,sedentary,"(104,)",,,,,,,,,,,,,3,,,,,,,,,,,,,,,,,,,,,,,,,,,,,
stress_level,,,,,,,,,,,,,,,,,,,,,,,,,,2026-04-07 13:37:00,47,,,,,,,,,-29,,83,,,,,1,,,,
unknown_297,,,,,,,,,,,,,,,,,,,,,,,,,,,,,,,1536,,,,,,1144503420,,,,,,,,,,
monitoring,,,,,,,,,,,,,,,,,81,,,,,,,,,,,,48252,,,,,,,,,,,,,,,,,,
unknown_269,,,,,,,,,,,,,,,,,,,,,,,,,,,,,,,96,3,,,,3,1144503420,,,,,,,,,,
unknown_233,,,,,,,,,,,,,,,,,,,,,,,,,,,,,,,,,,,,"(104, 208, 0, 176)",,,,,,,,,,,
stress_level,,,,,,,,,,,,,,,,,,,,,,,,,,2026-04-07 13:38:00,28,,,,,,,,,-4,,83,,,,,1,,,,
unknown_297,,,,,,,,,,,,,,,,,,,,,,,,,,,,,,,1683,,,,,,1144503480,,,,,,,,,,
unknown_269,,,,,,,,,,,,,,,,,,,,,,,,,,,,,,,90,4,,,,3,1144503480,,,,,,,,,,
unknown_279,,,,,,,,,,,,,,,,,,,,,,,,,,,,,,,2640,,,,,,1144503480,,,,,,,,,,
unknown_233,,,,,,,,,,,,,,,,,,,,,,,,,,,,,,,,,,,,"(0, 0, 224, 247)",,,,,,,,,,,
stress_level,,,,,,,,,,,,,,,,,,,,,,,,,,2026-04-07 13:39:00,27,,,,,,,,,-3,,83,,,,,1,,,,
unknown_297,,,,,,,,,,,,,,,,,,,,,,,,,,,,,,,1700,,,,,,1144503540,,,,,,,,,,
unknown_24,,,,,,,,,,,,,,,,,,,,,,,,,,,,,,,,,,,,"(244, 188, 55, 68, 1, 0, 82, 85, 67, 30, 0, 0, 3, 132, 59, 56, 68, 0, 0, 0, 0, 0, 0, 0, 0, 0, 0)",,,,,,,,,,,
unknown_24,,,,,,,,,,,,,,,,,,,,,,,,,,,,,,,,,,,,"(244, 188, 55, 68, 1, 1, 67, 0, 0, 0, 0, 0, 0, 0, 0, 0, 0, 0, 0, 0, 0, 0, 0, 0, 0, 0, 0)",,,,,,,,,,,
monitoring,,,,,,,,,,,,,,,,,82,,,,,,,,,,,,48372,,,,,,,,,,,,,,,,,,
unknown_269,,,,,,,,,,,,,,,,,,,,,,,,,,,,,,,91,3,,,,3,1144503540,,,,,,,,,,
unknown_233,,,,,,,,,,,,,,,,,,,,,,,,,,,,,,,,,,,,"(2, 64, 38, 8)",,,,,,,,,,,
stress_level,,,,,,,,,,,,,,,,,,,,,,,,,,2026-04-07 13:40:00,28,,,,,,,,,-4,,83,,,,,1,,,,
unknown_297,,,,,,,,,,,,,,,,,,,,,,,,,,,,,,,2258,,,,,,1144503600,,,,,,,,,,
monitoring,,,,,,,,,,,,,,,,,79,,,,,,,,,,,,48432,,,,,,,,,,,,,,,,,,
unknown_269,,,,,,,,,,,,,,,,,,,,,,,,,,,,,,,92,2,,,,3,1144503600,,,,,,,,,,
unknown_279,,,,,,,,,,,,,,,,,,,,,,,,,,,,,,,2630,,,,,,1144503600,,,,,,,,,,
unknown_233,,,,,,,,,,,,,,,,,,,,,,,,,,,,,,,,,,,,"(152, 132, 4, 16)",,,,,,,,,,,
stress_level,,,,,,,,,,,,,,,,,,,,,,,,,,2026-04-07 13:41:00,27,,,,,,,,,-2,,83,,,,,1,,,,
unknown_297,,,,,,,,,,,,,,,,,,,,,,,,,,,,,,,2058,,,,,,1144503660,,,,,,,,,,
unknown_269,,,,,,,,,,,,,,,,,,,,,,,,,,,,,,,93,4,,,,3,1144503660,,,,,,,,,,
unknown_233,,,,,,,,,,,,,,,,,,,,,,,,,,,,,,,,,,,,"(0, 0, 0, 24)",,,,,,,,,,,
unknown_408,,,,,,,,,,,,,,,,,,,,,,,,,,,,,,,3,,,,,93,1144503676,,,,,,,,,,
stress_level,,,,,,,,,,,,,,,,,,,,,,,,,,2026-04-07 13:42:00,25,,,,,,,,,0,,83,,,,,1,,,,
unknown_297,,,,,,,,,,,,,,,,,,,,,,,,,,,,,,,2050,,,,,,1144503720,,,,,,,,,,
unknown_24,,,,,,,,,,,,,,,,,,,,,,,,,,,,,,,,,,,,"(168, 189, 55, 68, 1, 0, 78, 84, 66, 33, 0, 233, 2, 56, 60, 56, 68, 0, 0, 0, 0, 0, 0, 0, 0, 0, 0)",,,,,,,,,,,
unknown_24,,,,,,,,,,,,,,,,,,,,,,,,,,,,,,,,,,,,"(168, 189, 55, 68, 1, 1, 66, 0, 0, 0, 0, 0, 0, 0, 0, 0, 0, 0, 0, 0, 0, 0, 0, 0, 0, 0, 0)",,,,,,,,,,,
monitoring,,,,,,,,,,,,,,,,,78,,,,,,,,,,,,48552,,,,,,,,,,,,,,,,,,
unknown_269,,,,,,,,,,,,,,,,,,,,,,,,,,,,,,,93,3,,,,3,1144503720,,,,,,,,,,
unknown_279,,,,,,,,,,,,,,,,,,,,,,,,,,,,,,,2633,,,,,,1144503720,,,,,,,,,,
unknown_233,,,,,,,,,,,,,,,,,,,,,,,,,,,,,,,,,,,,"(0, 0, 0, 32)",,,,,,,,,,,
stress_level,,,,,,,,,,,,,,,,,,,,,,,,,,2026-04-07 13:43:00,24,,,,,,,,,2,,82,,,,,1,,,,
unknown_297,,,,,,,,,,,,,,,,,,,,,,,,,,,,,,,2083,,,,,,1144503780,,,,,,,,,,
unknown_269,,,,,,,,,,,,,,,,,,,,,,,,,,,,,,,93,2,,,,3,1144503780,,,,,,,,,,
unknown_233,,,,,,,,,,,,,,,,,,,,,,,,,,,,,,,,,,,,"(4, 64, 1, 192)",,,,,,,,,,,
unknown_408,,,,,,,,,,,,,,,,,,,,,,,,,,,,,,,4,,,,,93,1144503826,,,,,,,,,,
stress_level,,,,,,,,,,,,,,,,,,,,,,,,,,2026-04-07 13:44:00,27,,,,,,,,,-2,,82,,,,,1,,,,
unknown_297,,,,,,,,,,,,,,,,,,,,,,,,,,,,,,,1791,,,,,,1144503840,,,,,,,,,,
unknown_269,,,,,,,,,,,,,,,,,,,,,,,,,,,,,,,94,2,,,,3,1144503840,,,,,,,,,,
unknown_279,,,,,,,,,,,,,,,,,,,,,,,,,,,,,,,2630,,,,,,1144503840,,,,,,,,,,
unknown_233,,,,,,,,,,,,,,,,,,,,,,,,,,,,,,,,,,,,"(2, 64, 1, 184)",,,,,,,,,,,
stress_level,,,,,,,,,,,,,,,,,,,,,,,,,,2026-04-07 13:45:00,27,,,,,,,,,-2,,82,,,,,1,,,,
unknown_297,,,,,,,,,,,,,,,,,,,,,,,,,,,,,,,1733,,,,,,1144503900,,,,,,,,,,
unknown_269,,,,,,,,,,,,,,,,,,,,,,,,,,,,,,,95,3,,,,3,1144503900,,,,,,,,,,
unknown_233,,,,,,,,,,,,,,,,,,,,,,,,,,,,,,,,,,,,"(34, 64, 0, 176)",,,,,,,,,,,
stress_level,,,,,,,,,,,,,,,,,,,,,,,,,,2026-04-07 13:46:00,25,,,,,,,,,0,,82,,,,,1,,,,
unknown_297,,,,,,,,,,,,,,,,,,,,,,,,,,,,,,,1966,,,,,,1144503960,,,,,,,,,,
unknown_24,,,,,,,,,,,,,,,,,,,,,,,,,,,,,,,,,,,,"(152, 190, 55, 68, 1, 0, 78, 83, 66, 37, 0, 233, 2, 40, 61, 56, 68, 0, 0, 0, 0, 0, 0, 0, 0, 0, 0)",,,,,,,,,,,
unknown_24,,,,,,,,,,,,,,,,,,,,,,,,,,,,,,,,,,,,"(152, 190, 55, 68, 1, 1, 66, 0, 0, 0, 0, 0, 0, 0, 0, 0, 0, 0, 0, 0, 0, 0, 0, 0, 0, 0, 0)",,,,,,,,,,,
unknown_269,,,,,,,,,,,,,,,,,,,,,,,,,,,,,,,94,3,,,,3,1144503960,,,,,,,,,,
unknown_279,,,,,,,,,,,,,,,,,,,,,,,,,,,,,,,2630,,,,,,1144503960,,,,,,,,,,
unknown_233,,,,,,,,,,,,,,,,,,,,,,,,,,,,,,,,,,,,"(6, 0, 0, 40)",,,,,,,,,,,
event,2026-04-07 13:47:00,,,,,,,,22,22,,,,54,marker,,,,,,,,,,,,,,,,,,8,1144501800,,,,,,,,,,,,,
stress_level,,,,,,,,,,,,,,,,,,,,,,,,,,2026-04-07 13:47:00,27,,,,,,,,,-2,,82,,,,,1,,,,
unknown_297,,,,,,,,,,,,,,,,,,,,,,,,,,,,,,,1900,,,,,,1144504020,,,,,,,,,,
unknown_269,,,,,,,,,,,,,,,,,,,,,,,,,,,,,,,95,3,,,,3,1144504020,,,,,,,,,,
unknown_233,,,,,,,,,,,,,,,,,,,,,,,,,,,,,,,,,,,,"(0, 0, 0, 48)",,,,,,,,,,,
event,2026-04-07 13:48:00,,,,,,,,1,1,,,,54,marker,,,,,,,,,,,,,,,,,,0,1144503120,,,,,,,,,,,,,
stress_level,,,,,,,,,,,,,,,,,,,,,,,,,,2026-04-07 13:48:00,27,,,,,,,,,-2,,82,,,,,1,,,,
unknown_297,,,,,,,,,,,,,,,,,,,,,,,,,,,,,,,1875,,,,,,1144504080,,,,,,,,,,
unknown_24,,,,,,,,,,,,,,,,,,,,,,,,,,,,,,,,,,,,"(16, 191, 55, 68, 1, 0, 77, 82, 66, 39, 0, 233, 2, 160, 61, 56, 68, 0, 0, 0, 0, 0, 0, 0, 0, 0, 0)",,,,,,,,,,,
unknown_24,,,,,,,,,,,,,,,,,,,,,,,,,,,,,,,,,,,,"(16, 191, 55, 68, 1, 1, 66, 0, 0, 0, 0, 0, 0, 0, 0, 0, 0, 0, 0, 0, 0, 0, 0, 0, 0, 0, 0)",,,,,,,,,,,
monitoring,,,,,,,,,,,,,,,,,77,,,,,,,,,,,,48912,,,,,,,,,,,,,,,,,,
unknown_269,,,,,,,,,,,,,,,,,,,,,,,,,,,,,,,96,4,,,,3,1144504080,,,,,,,,,,
unknown_279,,,,,,,,,,,,,,,,,,,,,,,,,,,,,,,2631,,,,,,1144504080,,,,,,,,,,
unknown_233,,,,,,,,,,,,,,,,,,,,,,,,,,,,,,,,,,,,"(0, 0, 224, 247)",,,,,,,,,,,
stress_level,,,,,,,,,,,,,,,,,,,,,,,,,,2026-04-07 13:49:00,25,,,,,,,,,0,,82,,,,,1,,,,
unknown_297,,,,,,,,,,,,,,,,,,,,,,,,,,,,,,,2033,,,,,,1144504140,,,,,,,,,,
monitoring,,,,,,,,,,,,,,,,,78,,,,,,,,,,,,48972,,,,,,,,,,,,,,,,,,
unknown_269,,,,,,,,,,,,,,,,,,,,,,,,,,,,,,,95,3,,,,3,1144504140,,,,,,,,,,
unknown_233,,,,,,,,,,,,,,,,,,,,,,,,,,,,,,,,,,,,"(0, 0, 0, 56)",,,,,,,,,,,
stress_level,,,,,,,,,,,,,,,,,,,,,,,,,,2026-04-07 13:50:00,27,,,,,,,,,-2,,82,,,,,1,,,,
unknown_297,,,,,,,,,,,,,,,,,,,,,,,,,,,,,,,2316,,,,,,1144504200,,,,,,,,,,
unknown_269,,,,,,,,,,,,,,,,,,,,,,,,,,,,,,,96,6,,,,3,1144504200,,,,,,,,,,
unknown_279,,,,,,,,,,,,,,,,,,,,,,,,,,,,,,,2623,,,,,,1144504200,,,,,,,,,,
unknown_233,,,,,,,,,,,,,,,,,,,,,,,,,,,,,,,,,,,,"(0, 0, 0, 64)",,,,,,,,,,,
unknown_408,,,,,,,,,,,,,,,,,,,,,,,,,,,,,,,3,,,,,93,1144504252,,,,,,,,,,
stress_level,,,,,,,,,,,,,,,,,,,,,,,,,,2026-04-07 13:51:00,27,,,,,,,,,-3,,82,,,,,1,,,,
unknown_297,,,,,,,,,,,,,,,,,,,,,,,,,,,,,,,2275,,,,,,1144504260,,,,,,,,,,
unknown_24,,,,,,,,,,,,,,,,,,,,,,,,,,,,,,,,,,,,"(196, 191, 55, 68, 1, 0, 79, 81, 66, 42, 0, 233, 2, 84, 62, 56, 68, 0, 0, 0, 0, 0, 0, 0, 0, 0, 0)",,,,,,,,,,,
unknown_24,,,,,,,,,,,,,,,,,,,,,,,,,,,,,,,,,,,,"(196, 191, 55, 68, 1, 1, 66, 0, 0, 0, 0, 0, 0, 0, 0, 0, 0, 0, 0, 0, 0, 0, 0, 0, 0, 0, 0)",,,,,,,,,,,
monitoring,,,,,,,,,,,,,,,,,79,,,,,,,,,,,,49092,,,,,,,,,,,,,,,,,,
unknown_269,,,,,,,,,,,,,,,,,,,,,,,,,,,,,,,95,2,,,,3,1144504260,,,,,,,,,,
monitoring,2026-04-07 13:51:00,,,sedentary,"(8,)",,,,,,,,,,,,,0,,,,,,,,,,,,,,,,,,,,,,,,,,,,,
unknown_233,,,,,,,,,,,,,,,,,,,,,,,,,,,,,,,,,,,,"(0, 0, 0, 72)",,,,,,,,,,,
stress_level,,,,,,,,,,,,,,,,,,,,,,,,,,2026-04-07 13:52:00,27,,,,,,,,,-2,,81,,,,,1,,,,
unknown_297,,,,,,,,,,,,,,,,,,,,,,,,,,,,,,,2025,,,,,,1144504320,,,,,,,,,,
unknown_269,,,,,,,,,,,,,,,,,,,,,,,,,,,,,,,96,2,,,,3,1144504320,,,,,,,,,,
unknown_279,,,,,,,,,,,,,,,,,,,,,,,,,,,,,,,2623,,,,,,1144504320,,,,,,,,,,
unknown_233,,,,,,,,,,,,,,,,,,,,,,,,,,,,,,,,,,,,"(4, 52, 1, 192)",,,,,,,,,,,
stress_level,,,,,,,,,,,,,,,,,,,,,,,,,,2026-04-07 13:53:00,27,,,,,,,,,-3,,81,,,,,1,,,,
unknown_297,,,,,,,,,,,,,,,,,,,,,,,,,,,,,,,2116,,,,,,1144504380,,,,,,,,,,
unknown_269,,,,,,,,,,,,,,,,,,,,,,,,,,,,,,,97,3,,,,3,1144504380,,,,,,,,,,
unknown_233,,,,,,,,,,,,,,,,,,,,,,,,,,,,,,,,,,,,"(2, 56, 1, 184)",,,,,,,,,,,
stress_level,,,,,,,,,,,,,,,,,,,,,,,,,,2026-04-07 13:54:00,27,,,,,,,,,-3,,81,,,,,1,,,,
unknown_297,,,,,,,,,,,,,,,,,,,,,,,,,,,,,,,1991,,,,,,1144504440,,,,,,,,,,
monitoring,,,,,,,,,,,,,,,,,80,,,,,,,,,,,,49272,,,,,,,,,,,,,,,,,,
unknown_269,,,,,,,,,,,,,,,,,,,,,,,,,,,,,,,95,4,,,,3,1144504440,,,,,,,,,,
unknown_279,,,,,,,,,,,,,,,,,,,,,,,,,,,,,,,2623,,,,,,1144504440,,,,,,,,,,
unknown_233,,,,,,,,,,,,,,,,,,,,,,,,,,,,,,,,,,,,"(2, 0, 0, 176)",,,,,,,,,,,
stress_level,,,,,,,,,,,,,,,,,,,,,,,,,,2026-04-07 13:55:00,35,,,,,,,,,-13,,80,,,,,1,,,,
unknown_297,,,,,,,,,,,,,,,,,,,,,,,,,,,,,,,2058,,,,,,1144504500,,,,,,,,,,
unknown_269,,,,,,,,,,,,,,,,,,,,,,,,,,,,,,,96,3,,,,3,1144504500,,,,,,,,,,
unknown_233,,,,,,,,,,,,,,,,,,,,,,,,,,,,,,,,,,,,"(0, 0, 0, 80)",,,,,,,,,,,
stress_level,,,,,,,,,,,,,,,,,,,,,,,,,,2026-04-07 13:56:00,27,,,,,,,,,-3,,80,,,,,1,,,,
unknown_297,,,,,,,,,,,,,,,,,,,,,,,,,,,,,,,2066,,,,,,1144504560,,,,,,,,,,
monitoring,,,,,,,,,,,,,,,,,79,,,,,,,,,,,,49392,,,,,,,,,,,,,,,,,,
unknown_269,,,,,,,,,,,,,,,,,,,,,,,,,,,,,,,95,3,,,,3,1144504560,,,,,,,,,,
unknown_279,,,,,,,,,,,,,,,,,,,,,,,,,,,,,,,2623,,,,,,1144504560,,,,,,,,,,
unknown_233,,,,,,,,,,,,,,,,,,,,,,,,,,,,,,,,,,,,"(35, 2, 0, 0)",,,,,,,,,,,
stress_level,,,,,,,,,,,,,,,,,,,,,,,,,,2026-04-07 13:57:00,30,,,,,,,,,-6,,80,,,,,1,,,,
unknown_297,,,,,,,,,,,,,,,,,,,,,,,,,,,,,,,1800,,,,,,1144504620,,,,,,,,,,
unknown_24,,,,,,,,,,,,,,,,,,,,,,,,,,,,,,,,,,,,"(44, 193, 55, 68, 1, 0, 79, 80, 66, 48, 0, 233, 2, 188, 63, 56, 68, 0, 0, 0, 0, 0, 0, 0, 0, 0, 0)",,,,,,,,,,,
unknown_24,,,,,,,,,,,,,,,,,,,,,,,,,,,,,,,,,,,,"(44, 193, 55, 68, 1, 1, 66, 0, 0, 0, 0, 0, 0, 0, 0, 0, 0, 0, 0, 0, 0, 0, 0, 0, 0, 0, 0)",,,,,,,,,,,
unknown_269,,,,,,,,,,,,,,,,,,,,,,,,,,,,,,,96,4,,,,3,1144504620,,,,,,,,,,
unknown_233,,,,,,,,,,,,,,,,,,,,,,,,,,,,,,,,,,,,"(2, 64, 38, 8)",,,,,,,,,,,
stress_level,,,,,,,,,,,,,,,,,,,,,,,,,,2026-04-07 13:58:00,27,,,,,,,,,-2,,80,,,,,1,,,,
unknown_297,,,,,,,,,,,,,,,,,,,,,,,,,,,,,,,1900,,,,,,1144504680,,,,,,,,,,
monitoring,,,,,,,,,,,,,,,,,78,,,,,,,,,,,,49512,,,,,,,,,,,,,,,,,,
unknown_269,,,,,,,,,,,,,,,,,,,,,,,,,,,,,,,97,3,,,,3,1144504680,,,,,,,,,,
unknown_279,,,,,,,,,,,,,,,,,,,,,,,,,,,,,,,2623,,,,,,1144504680,,,,,,,,,,
unknown_233,,,,,,,,,,,,,,,,,,,,,,,,,,,,,,,,,,,,"(0, 0, 224, 247)",,,,,,,,,,,
stress_level,,,,,,,,,,,,,,,,,,,,,,,,,,2026-04-07 13:59:00,27,,,,,,,,,-3,,80,,,,,1,,,,
unknown_297,,,,,,,,,,,,,,,,,,,,,,,,,,,,,,,2083,,,,,,1144504740,,,,,,,,,,
monitoring,,,,,,,,,,,,,,,,,79,,,,,,,,,,,,49572,,,,,,,,,,,,,,,,,,
unknown_269,,,,,,,,,,,,,,,,,,,,,,,,,,,,,,,96,4,,,,3,1144504740,,,,,,,,,,
unknown_233,,,,,,,,,,,,,,,,,,,,,,,,,,,,,,,,,,,,"(216, 194, 2, 16)",,,,,,,,,,,
stress_level,,,,,,,,,,,,,,,,,,,,,,,,,,2026-04-07 14:00:00,27,,,,,,,,,-2,,80,,,,,1,,,,
unknown_297,,,,,,,,,,,,,,,,,,,,,,,,,,,,,,,2100,,,,,,1144504800,,,,,,,,,,
unknown_269,,,,,,,,,,,,,,,,,,,,,,,,,,,,,,,95,2,,,,3,1144504800,,,,,,,,,,
unknown_279,,,,,,,,,,,,,,,,,,,,,,,,,,,,,,,2623,,,,,,1144504800,,,,,,,,,,
unknown_233,,,,,,,,,,,,,,,,,,,,,,,,,,,,,,,,,,,,"(0, 0, 0, 24)",,,,,,,,,,,
stress_level,,,,,,,,,,,,,,,,,,,,,,,,,,2026-04-07 14:01:00,27,,,,,,,,,-3,,80,,,,,1,,,,
unknown_297,,,,,,,,,,,,,,,,,,,,,,,,,,,,,,,1866,,,,,,1144504860,,,,,,,,,,
unknown_269,,,,,,,,,,,,,,,,,,,,,,,,,,,,,,,94,2,,,,3,1144504860,,,,,,,,,,
unknown_233,,,,,,,,,,,,,,,,,,,,,,,,,,,,,,,,,,,,"(4, 60, 1, 192)",,,,,,,,,,,
stress_level,,,,,,,,,,,,,,,,,,,,,,,,,,2026-04-07 14:02:00,27,,,,,,,,,-2,,80,,,,,1,,,,
unknown_297,,,,,,,,,,,,,,,,,,,,,,,,,,,,,,,1883,,,,,,1144504920,,,,,,,,,,
unknown_269,,,,,,,,,,,,,,,,,,,,,,,,,,,,,,,93,5,,,,3,1144504920,,,,,,,,,,
unknown_279,,,,,,,,,,,,,,,,,,,,,,,,,,,,,,,2623,,,,,,1144504920,,,,,,,,,,
unknown_233,,,,,,,,,,,,,,,,,,,,,,,,,,,,,,,,,,,,"(2, 60, 1, 184)",,,,,,,,,,,
stress_level,,,,,,,,,,,,,,,,,,,,,,,,,,2026-04-07 14:03:00,27,,,,,,,,,-3,,80,,,,,1,,,,
unknown_297,,,,,,,,,,,,,,,,,,,,,,,,,,,,,,,1816,,,,,,1144504980,,,,,,,,,,
unknown_24,,,,,,,,,,,,,,,,,,,,,,,,,,,,,,,,,,,,"(148, 194, 55, 68, 1, 0, 79, 79, 66, 54, 0, 233, 2, 36, 65, 56, 68, 0, 0, 0, 0, 0, 0, 0, 0, 0, 0)",,,,,,,,,,,
unknown_24,,,,,,,,,,,,,,,,,,,,,,,,,,,,,,,,,,,,"(148, 194, 55, 68, 1, 1, 66, 0, 0, 0, 0, 0, 0, 0, 0, 0, 0, 0, 0, 0, 0, 0, 0, 0, 0, 0, 0)",,,,,,,,,,,
unknown_269,,,,,,,,,,,,,,,,,,,,,,,,,,,,,,,96,3,,,,3,1144504980,,,,,,,,,,
unknown_233,,,,,,,,,,,,,,,,,,,,,,,,,,,,,,,,,,,,"(4, 4, 0, 176)",,,,,,,,,,,
stress_level,,,,,,,,,,,,,,,,,,,,,,,,,,2026-04-07 14:04:00,27,,,,,,,,,-2,,80,,,,,1,,,,
unknown_297,,,,,,,,,,,,,,,,,,,,,,,,,,,,,,,1983,,,,,,1144505040,,,,,,,,,,
unknown_269,,,,,,,,,,,,,,,,,,,,,,,,,,,,,,,94,2,,,,3,1144505040,,,,,,,,,,
unknown_279,,,,,,,,,,,,,,,,,,,,,,,,,,,,,,,2623,,,,,,1144505040,,,,,,,,,,
unknown_233,,,,,,,,,,,,,,,,,,,,,,,,,,,,,,,,,,,,"(0, 0, 0, 32)",,,,,,,,,,,
stress_level,,,,,,,,,,,,,,,,,,,,,,,,,,2026-04-07 14:05:00,29,,,,,,,,,-5,,80,,,,,1,,,,
unknown_297,,,,,,,,,,,,,,,,,,,,,,,,,,,,,,,2091,,,,,,1144505100,,,,,,,,,,
unknown_269,,,,,,,,,,,,,,,,,,,,,,,,,,,,,,,95,2,,,,3,1144505100,,,,,,,,,,
unknown_233,,,,,,,,,,,,,,,,,,,,,,,,,,,,,,,,,,,,"(6, 0, 0, 40)",,,,,,,,,,,
stress_level,,,,,,,,,,,,,,,,,,,,,,,,,,2026-04-07 14:06:00,28,,,,,,,,,-4,,80,,,,,1,,,,
unknown_297,,,,,,,,,,,,,,,,,,,,,,,,,,,,,,,2066,,,,,,1144505160,,,,,,,,,,
unknown_269,,,,,,,,,,,,,,,,,,,,,,,,,,,,,,,95,3,,,,3,1144505160,,,,,,,,,,
unknown_279,,,,,,,,,,,,,,,,,,,,,,,,,,,,,,,2623,,,,,,1144505160,,,,,,,,,,
unknown_233,,,,,,,,,,,,,,,,,,,,,,,,,,,,,,,,,,,,"(0, 0, 0, 48)",,,,,,,,,,,
stress_level,,,,,,,,,,,,,,,,,,,,,,,,,,2026-04-07 14:07:00,30,,,,,,,,,-6,,80,,,,,1,,,,
unknown_297,,,,,,,,,,,,,,,,,,,,,,,,,,,,,,,1916,,,,,,1144505220,,,,,,,,,,
unknown_269,,,,,,,,,,,,,,,,,,,,,,,,,,,,,,,96,5,,,,3,1144505220,,,,,,,,,,
unknown_233,,,,,,,,,,,,,,,,,,,,,,,,,,,,,,,,,,,,"(0, 0, 0, 56)",,,,,,,,,,,
monitoring,2026-04-07 14:07:00,,,sedentary,"(8,)",,,,,,,,,,,,,0,,,,,,,,,,,,,,,,,,,,,,,,,,,,,
stress_level,,,,,,,,,,,,,,,,,,,,,,,,,,2026-04-07 14:08:00,27,,,,,,,,,-3,,80,,,,,1,,,,
unknown_297,,,,,,,,,,,,,,,,,,,,,,,,,,,,,,,2300,,,,,,1144505280,,,,,,,,,,
unknown_269,,,,,,,,,,,,,,,,,,,,,,,,,,,,,,,96,3,,,,3,1144505280,,,,,,,,,,
unknown_279,,,,,,,,,,,,,,,,,,,,,,,,,,,,,,,2623,,,,,,1144505280,,,,,,,,,,
unknown_233,,,,,,,,,,,,,,,,,,,,,,,,,,,,,,,,,,,,"(34, 0, 0, 248)",,,,,,,,,,,
stress_level,,,,,,,,,,,,,,,,,,,,,,,,,,2026-04-07 14:09:00,29,,,,,,,,,-5,,80,,,,,1,,,,
unknown_297,,,,,,,,,,,,,,,,,,,,,,,,,,,,,,,2075,,,,,,1144505340,,,,,,,,,,
monitoring,,,,,,,,,,,,,,,,,73,,,,,,,,,,,,50172,,,,,,,,,,,,,,,,,,
unknown_269,,,,,,,,,,,,,,,,,,,,,,,,,,,,,,,96,4,,,,3,1144505340,,,,,,,,,,
unknown_233,,,,,,,,,,,,,,,,,,,,,,,,,,,,,,,,,,,,"(0, 0, 224, 247)",,,,,,,,,,,
monitoring,2026-04-07 14:09:00,,,sedentary,"(72,)",,,,,,,,,,,,,2,,,,,,,,,,,,,,,,,,,,,,,,,,,,,
stress_level,,,,,,,,,,,,,,,,,,,,,,,,,,2026-04-07 14:10:00,19,,,,,,,,,25,,80,,,,,1,,,,
unknown_297,,,,,,,,,,,,,,,,,,,,,,,,,,,,,,,1341,,,,,,1144505400,,,,,,,,,,
unknown_24,,,,,,,,,,,,,,,,,,,,,,,,,,,,,,,,,,,,"(56, 196, 55, 68, 1, 0, 76, 78, 66, 61, 0, 233, 2, 200, 66, 56, 68, 0, 0, 0, 0, 0, 0, 0, 0, 0, 0)",,,,,,,,,,,
unknown_24,,,,,,,,,,,,,,,,,,,,,,,,,,,,,,,,,,,,"(56, 196, 55, 68, 1, 1, 66, 0, 0, 0, 0, 0, 0, 0, 0, 0, 0, 0, 0, 0, 0, 0, 0, 0, 0, 0, 0)",,,,,,,,,,,
monitoring,,,,,,,,,,,,,,,,,76,,,,,,,,,,,,50232,,,,,,,,,,,,,,,,,,
unknown_269,,,,,,,,,,,,,,,,,,,,,,,,,,,,,,,95,6,,,,3,1144505400,,,,,,,,,,
unknown_279,,,,,,,,,,,,,,,,,,,,,,,,,,,,,,,2623,,,,,,1144505400,,,,,,,,,,
unknown_233,,,,,,,,,,,,,,,,,,,,,,,,,,,,,,,,,,,,"(20, 0, 0, 248)",,,,,,,,,,,
unknown_408,,,,,,,,,,,,,,,,,,,,,,,,,,,,,,,4,,,,,93,1144505444,,,,,,,,,,
stress_level,,,,,,,,,,,,,,,,,,,,,,,,,,2026-04-07 14:11:00,19,,,,,,,,,24,,80,,,,,1,,,,
unknown_297,,,,,,,,,,,,,,,,,,,,,,,,,,,,,,,1475,,,,,,1144505460,,,,,,,,,,
unknown_269,,,,,,,,,,,,,,,,,,,,,,,,,,,,,,,92,6,,,,3,1144505460,,,,,,,,,,
unknown_233,,,,,,,,,,,,,,,,,,,,,,,,,,,,,,,,,,,,"(4, 64, 1, 192)",,,,,,,,,,,
stress_level,,,,,,,,,,,,,,,,,,,,,,,,,,2026-04-07 14:12:00,20,,,,,,,,,20,,80,,,,,1,,,,
unknown_297,,,,,,,,,,,,,,,,,,,,,,,,,,,,,,,2083,,,,,,1144505520,,,,,,,,,,
unknown_269,,,,,,,,,,,,,,,,,,,,,,,,,,,,,,,92,4,,,,3,1144505520,,,,,,,,,,
unknown_279,,,,,,,,,,,,,,,,,,,,,,,,,,,,,,,2609,,,,,,1144505520,,,,,,,,,,
unknown_233,,,,,,,,,,,,,,,,,,,,,,,,,,,,,,,,,,,,"(2, 64, 1, 184)",,,,,,,,,,,
stress_level,,,,,,,,,,,,,,,,,,,,,,,,,,2026-04-07 14:13:00,20,,,,,,,,,18,,80,,,,,1,,,,
unknown_297,,,,,,,,,,,,,,,,,,,,,,,,,,,,,,,2175,,,,,,1144505580,,,,,,,,,,
monitoring,,,,,,,,,,,,,,,,,75,,,,,,,,,,,,50412,,,,,,,,,,,,,,,,,,
unknown_269,,,,,,,,,,,,,,,,,,,,,,,,,,,,,,,95,10,,,,3,1144505580,,,,,,,,,,
unknown_233,,,,,,,,,,,,,,,,,,,,,,,,,,,,,,,,,,,,"(26, 40, 0, 176)",,,,,,,,,,,
stress_level,,,,,,,,,,,,,,,,,,,,,,,,,,2026-04-07 14:14:00,19,,,,,,,,,22,,80,,,,,1,,,,
unknown_297,,,,,,,,,,,,,,,,,,,,,,,,,,,,,,,2183,,,,,,1144505640,,,,,,,,,,
monitoring,,,,,,,,,,,,,,,,,76,,,,,,,,,,,,50472,,,,,,,,,,,,,,,,,,
unknown_269,,,,,,,,,,,,,,,,,,,,,,,,,,,,,,,96,5,,,,3,1144505640,,,,,,,,,,
unknown_279,,,,,,,,,,,,,,,,,,,,,,,,,,,,,,,2619,,,,,,1144505640,,,,,,,,,,
unknown_233,,,,,,,,,,,,,,,,,,,,,,,,,,,,,,,,,,,,"(0, 0, 0, 64)",,,,,,,,,,,
stress_level,,,,,,,,,,,,,,,,,,,,,,,,,,2026-04-07 14:15:00,22,,,,,,,,,10,,80,,,,,1,,,,
unknown_297,,,,,,,,,,,,,,,,,,,,,,,,,,,,,,,2316,,,,,,1144505700,,,,,,,,,,
unknown_269,,,,,,,,,,,,,,,,,,,,,,,,,,,,,,,96,2,,,,3,1144505700,,,,,,,,,,
unknown_233,,,,,,,,,,,,,,,,,,,,,,,,,,,,,,,,,,,,"(0, 0, 0, 72)",,,,,,,,,,,
stress_level,,,,,,,,,,,,,,,,,,,,,,,,,,2026-04-07 14:16:00,19,,,,,,,,,24,,80,,,,,1,,,,
unknown_297,,,,,,,,,,,,,,,,,,,,,,,,,,,,,,,2091,,,,,,1144505760,,,,,,,,,,
monitoring,,,,,,,,,,,,,,,,,75,,,,,,,,,,,,50592,,,,,,,,,,,,,,,,,,
unknown_269,,,,,,,,,,,,,,,,,,,,,,,,,,,,,,,96,5,,,,3,1144505760,,,,,,,,,,
unknown_279,,,,,,,,,,,,,,,,,,,,,,,,,,,,,,,2605,,,,,,1144505760,,,,,,,,,,
unknown_233,,,,,,,,,,,,,,,,,,,,,,,,,,,,,,,,,,,,"(0, 0, 0, 80)",,,,,,,,,,,
monitoring,2026-04-07 14:16:00,,,sedentary,"(8,)",,,,,,,,,,,,,0,,,,,,,,,,,,,,,,,,,,,,,,,,,,,
stress_level,,,,,,,,,,,,,,,,,,,,,,,,,,2026-04-07 14:17:00,17,,,,,,,,,32,,80,,,,,1,,,,
unknown_297,,,,,,,,,,,,,,,,,,,,,,,,,,,,,,,2041,,,,,,1144505820,,,,,,,,,,
unknown_269,,,,,,,,,,,,,,,,,,,,,,,,,,,,,,,96,4,,,,3,1144505820,,,,,,,,,,
unknown_233,,,,,,,,,,,,,,,,,,,,,,,,,,,,,,,,,,,,"(35, 2, 0, 0)",,,,,,,,,,,
monitoring,2026-04-07 14:17:00,,,sedentary,"(72,)",,,,,,,,,,,,,2,,,,,,,,,,,,,,,,,,,,,,,,,,,,,
stress_level,,,,,,,,,,,,,,,,,,,,,,,,,,2026-04-07 14:18:00,18,,,,,,,,,28,,80,,,,,1,,,,
unknown_297,,,,,,,,,,,,,,,,,,,,,,,,,,,,,,,2141,,,,,,1144505880,,,,,,,,,,
monitoring,,,,,,,,,,,,,,,,,77,,,,,,,,,,,,50712,,,,,,,,,,,,,,,,,,
unknown_269,,,,,,,,,,,,,,,,,,,,,,,,,,,,,,,85,3,,,,3,1144505880,,,,,,,,,,
unknown_279,,,,,,,,,,,,,,,,,,,,,,,,,,,,,,,2606,,,,,,1144505880,,,,,,,,,,
unknown_233,,,,,,,,,,,,,,,,,,,,,,,,,,,,,,,,,,,,"(2, 48, 1, 192)",,,,,,,,,,,
stress_level,,,,,,,,,,,,,,,,,,,,,,,,,,2026-04-07 14:19:00,22,,,,,,,,,11,,80,,,,,1,,,,
unknown_297,,,,,,,,,,,,,,,,,,,,,,,,,,,,,,,2025,,,,,,1144505940,,,,,,,,,,
monitoring,,,,,,,,,,,,,,,,,74,,,,,,,,,,,,50772,,,,,,,,,,,,,,,,,,
unknown_269,,,,,,,,,,,,,,,,,,,,,,,,,,,,,,,85,3,,,,3,1144505940,,,,,,,,,,
unknown_233,,,,,,,,,,,,,,,,,,,,,,,,,,,,,,,,,,,,"(2, 52, 1, 184)",,,,,,,,,,,
stress_level,,,,,,,,,,,,,,,,,,,,,,,,,,2026-04-07 14:20:00,21,,,,,,,,,17,,80,,,,,1,,,,
unknown_297,,,,,,,,,,,,,,,,,,,,,,,,,,,,,,,1883,,,,,,1144506000,,,,,,,,,,
monitoring,,,,,,,,,,,,,,,,,76,,,,,,,,,,,,50832,,,,,,,,,,,,,,,,,,
unknown_269,,,,,,,,,,,,,,,,,,,,,,,,,,,,,,,86,6,,,,3,1144506000,,,,,,,,,,
unknown_279,,,,,,,,,,,,,,,,,,,,,,,,,,,,,,,2606,,,,,,1144506000,,,,,,,,,,
unknown_233,,,,,,,,,,,,,,,,,,,,,,,,,,,,,,,,,,,,"(14, 28, 0, 176)",,,,,,,,,,,
stress_level,,,,,,,,,,,,,,,,,,,,,,,,,,2026-04-07 14:21:00,24,,,,,,,,,4,,80,,,,,1,,,,
unknown_297,,,,,,,,,,,,,,,,,,,,,,,,,,,,,,,2233,,,,,,1144506060,,,,,,,,,,
monitoring,,,,,,,,,,,,,,,,,77,,,,,,,,,,,,50892,,,,,,,,,,,,,,,,,,
unknown_269,,,,,,,,,,,,,,,,,,,,,,,,,,,,,,,86,6,,,,3,1144506060,,,,,,,,,,
unknown_233,,,,,,,,,,,,,,,,,,,,,,,,,,,,,,,,,,,,"(0, 0, 224, 247)",,,,,,,,,,,
stress_level,,,,,,,,,,,,,,,,,,,,,,,,,,2026-04-07 14:22:00,25,,,,,,,,,0,,80,,,,,1,,,,
unknown_297,,,,,,,,,,,,,,,,,,,,,,,,,,,,,,,2050,,,,,,1144506120,,,,,,,,,,
unknown_24,,,,,,,,,,,,,,,,,,,,,,,,,,,,,,,,,,,,"(8, 199, 55, 68, 1, 0, 77, 77, 66, 73, 0, 233, 2, 152, 69, 56, 68, 0, 0, 0, 0, 0, 0, 0, 0, 0, 0)",,,,,,,,,,,
unknown_24,,,,,,,,,,,,,,,,,,,,,,,,,,,,,,,,,,,,"(8, 199, 55, 68, 1, 1, 66, 0, 0, 0, 0, 0, 0, 0, 0, 0, 0, 0, 0, 0, 0, 0, 0, 0, 0, 0, 0)",,,,,,,,,,,
unknown_269,,,,,,,,,,,,,,,,,,,,,,,,,,,,,,,85,2,,,,3,1144506120,,,,,,,,,,
unknown_279,,,,,,,,,,,,,,,,,,,,,,,,,,,,,,,2603,,,,,,1144506120,,,,,,,,,,
unknown_233,,,,,,,,,,,,,,,,,,,,,,,,,,,,,,,,,,,,"(2, 64, 38, 8)",,,,,,,,,,,
stress_level,,,,,,,,,,,,,,,,,,,,,,,,,,2026-04-07 14:23:00,23,,,,,,,,,7,,80,,,,,1,,,,
unknown_297,,,,,,,,,,,,,,,,,,,,,,,,,,,,,,,2016,,,,,,1144506180,,,,,,,,,,
unknown_269,,,,,,,,,,,,,,,,,,,,,,,,,,,,,,,87,4,,,,3,1144506180,,,,,,,,,,
unknown_233,,,,,,,,,,,,,,,,,,,,,,,,,,,,,,,,,,,,"(88, 66, 2, 16)",,,,,,,,,,,
stress_level,,,,,,,,,,,,,,,,,,,,,,,,,,2026-04-07 14:24:00,25,,,,,,,,,0,,80,,,,,1,,,,
unknown_297,,,,,,,,,,,,,,,,,,,,,,,,,,,,,,,2075,,,,,,1144506240,,,,,,,,,,
unknown_269,,,,,,,,,,,,,,,,,,,,,,,,,,,,,,,93,6,,,,3,1144506240,,,,,,,,,,
unknown_279,,,,,,,,,,,,,,,,,,,,,,,,,,,,,,,2598,,,,,,1144506240,,,,,,,,,,
unknown_233,,,,,,,,,,,,,,,,,,,,,,,,,,,,,,,,,,,,"(0, 0, 0, 24)",,,,,,,,,,,
stress_level,,,,,,,,,,,,,,,,,,,,,,,,,,2026-04-07 14:25:00,26,,,,,,,,,-1,,80,,,,,1,,,,
unknown_297,,,,,,,,,,,,,,,,,,,,,,,,,,,,,,,2100,,,,,,1144506300,,,,,,,,,,
unknown_269,,,,,,,,,,,,,,,,,,,,,,,,,,,,,,,95,13,,,,3,1144506300,,,,,,,,,,
unknown_233,,,,,,,,,,,,,,,,,,,,,,,,,,,,,,,,,,,,"(0, 0, 0, 32)",,,,,,,,,,,
stress_level,,,,,,,,,,,,,,,,,,,,,,,,,,2026-04-07 14:26:00,27,,,,,,,,,-3,,80,,,,,1,,,,
unknown_297,,,,,,,,,,,,,,,,,,,,,,,,,,,,,,,2433,,,,,,1144506360,,,,,,,,,,
monitoring,,,,,,,,,,,,,,,,,79,,,,,,,,,,,,51192,,,,,,,,,,,,,,,,,,
unknown_269,,,,,,,,,,,,,,,,,,,,,,,,,,,,,,,95,13,,,,3,1144506360,,,,,,,,,,
unknown_279,,,,,,,,,,,,,,,,,,,,,,,,,,,,,,,2605,,,,,,1144506360,,,,,,,,,,
unknown_233,,,,,,,,,,,,,,,,,,,,,,,,,,,,,,,,,,,,"(2, 56, 1, 192)",,,,,,,,,,,
stress_level,,,,,,,,,,,,,,,,,,,,,,,,,,2026-04-07 14:27:00,34,,,,,,,,,-12,,80,,,,,1,,,,
unknown_297,,,,,,,,,,,,,,,,,,,,,,,,,,,,,,,2133,,,,,,1144506420,,,,,,,,,,
monitoring,,,,,,,,,,,,,,,,,78,,,,,,,,,,,,51252,,,,,,,,,,,,,,,,,,
unknown_269,,,,,,,,,,,,,,,,,,,,,,,,,,,,,,,91,3,,,,3,1144506420,,,,,,,,,,
unknown_233,,,,,,,,,,,,,,,,,,,,,,,,,,,,,,,,,,,,"(2, 56, 1, 184)",,,,,,,,,,,
stress_level,,,,,,,,,,,,,,,,,,,,,,,,,,2026-04-07 14:28:00,28,,,,,,,,,-4,,80,,,,,1,,,,
unknown_297,,,,,,,,,,,,,,,,,,,,,,,,,,,,,,,1933,,,,,,1144506480,,,,,,,,,,
unknown_269,,,,,,,,,,,,,,,,,,,,,,,,,,,,,,,91,3,,,,3,1144506480,,,,,,,,,,
unknown_279,,,,,,,,,,,,,,,,,,,,,,,,,,,,,,,2605,,,,,,1144506480,,,,,,,,,,
unknown_233,,,,,,,,,,,,,,,,,,,,,,,,,,,,,,,,,,,,"(2, 4, 0, 176)",,,,,,,,,,,
stress_level,,,,,,,,,,,,,,,,,,,,,,,,,,2026-04-07 14:29:00,26,,,,,,,,,-1,,80,,,,,1,,,,
unknown_297,,,,,,,,,,,,,,,,,,,,,,,,,,,,,,,1925,,,,,,1144506540,,,,,,,,,,
monitoring,,,,,,,,,,,,,,,,,77,,,,,,,,,,,,51372,,,,,,,,,,,,,,,,,,
unknown_269,,,,,,,,,,,,,,,,,,,,,,,,,,,,,,,91,3,,,,3,1144506540,,,,,,,,,,
unknown_233,,,,,,,,,,,,,,,,,,,,,,,,,,,,,,,,,,,,"(0, 0, 224, 247)",,,,,,,,,,,
stress_level,,,,,,,,,,,,,,,,,,,,,,,,,,2026-04-07 14:30:00,25,,,,,,,,,1,,80,,,,,1,,,,
unknown_297,,,,,,,,,,,,,,,,,,,,,,,,,,,,,,,2058,,,,,,1144506600,,,,,,,,,,
monitoring,,,,,,,,,,,,,,,,,76,,,,,,,,,,,,51432,,,,,,,,,,,,,,,,,,
unknown_269,,,,,,,,,,,,,,,,,,,,,,,,,,,,,,,88,4,,,,3,1144506600,,,,,,,,,,
unknown_279,,,,,,,,,,,,,,,,,,,,,,,,,,,,,,,2605,,,,,,1144506600,,,,,,,,,,
unknown_233,,,,,,,,,,,,,,,,,,,,,,,,,,,,,,,,,,,,"(6, 0, 0, 40)",,,,,,,,,,,
stress_level,,,,,,,,,,,,,,,,,,,,,,,,,,2026-04-07 14:31:00,25,,,,,,,,,0,,80,,,,,1,,,,
unknown_297,,,,,,,,,,,,,,,,,,,,,,,,,,,,,,,2066,,,,,,1144506660,,,,,,,,,,
monitoring,,,,,,,,,,,,,,,,,77,,,,,,,,,,,,51492,,,,,,,,,,,,,,,,,,
unknown_269,,,,,,,,,,,,,,,,,,,,,,,,,,,,,,,88,2,,,,3,1144506660,,,,,,,,,,
unknown_233,,,,,,,,,,,,,,,,,,,,,,,,,,,,,,,,,,,,"(0, 0, 0, 48)",,,,,,,,,,,
stress_level,,,,,,,,,,,,,,,,,,,,,,,,,,2026-04-07 14:32:00,27,,,,,,,,,-3,,79,,,,,1,,,,
unknown_297,,,,,,,,,,,,,,,,,,,,,,,,,,,,,,,2166,,,,,,1144506720,,,,,,,,,,
unknown_269,,,,,,,,,,,,,,,,,,,,,,,,,,,,,,,88,2,,,,3,1144506720,,,,,,,,,,
unknown_279,,,,,,,,,,,,,,,,,,,,,,,,,,,,,,,2605,,,,,,1144506720,,,,,,,,,,
unknown_233,,,,,,,,,,,,,,,,,,,,,,,,,,,,,,,,,,,,"(0, 0, 0, 56)",,,,,,,,,,,
stress_level,,,,,,,,,,,,,,,,,,,,,,,,,,2026-04-07 14:33:00,29,,,,,,,,,-5,,79,,,,,1,,,,
unknown_297,,,,,,,,,,,,,,,,,,,,,,,,,,,,,,,2283,,,,,,1144506780,,,,,,,,,,
monitoring,,,,,,,,,,,,,,,,,79,,,,,,,,,,,,51612,,,,,,,,,,,,,,,,,,
unknown_269,,,,,,,,,,,,,,,,,,,,,,,,,,,,,,,88,4,,,,3,1144506780,,,,,,,,,,
unknown_233,,,,,,,,,,,,,,,,,,,,,,,,,,,,,,,,,,,,"(0, 0, 0, 64)",,,,,,,,,,,
stress_level,,,,,,,,,,,,,,,,,,,,,,,,,,2026-04-07 14:34:00,30,,,,,,,,,-6,,79,,,,,1,,,,
unknown_297,,,,,,,,,,,,,,,,,,,,,,,,,,,,,,,1975,,,,,,1144506840,,,,,,,,,,
monitoring,,,,,,,,,,,,,,,,,77,,,,,,,,,,,,51672,,,,,,,,,,,,,,,,,,
unknown_269,,,,,,,,,,,,,,,,,,,,,,,,,,,,,,,89,6,,,,3,1144506840,,,,,,,,,,
unknown_279,,,,,,,,,,,,,,,,,,,,,,,,,,,,,,,2605,,,,,,1144506840,,,,,,,,,,
unknown_233,,,,,,,,,,,,,,,,,,,,,,,,,,,,,,,,,,,,"(0, 0, 0, 72)",,,,,,,,,,,
stress_level,,,,,,,,,,,,,,,,,,,,,,,,,,2026-04-07 14:35:00,28,,,,,,,,,-4,,79,,,,,1,,,,
unknown_297,,,,,,,,,,,,,,,,,,,,,,,,,,,,,,,1916,,,,,,1144506900,,,,,,,,,,
monitoring,,,,,,,,,,,,,,,,,78,,,,,,,,,,,,51732,,,,,,,,,,,,,,,,,,
unknown_269,,,,,,,,,,,,,,,,,,,,,,,,,,,,,,,89,2,,,,3,1144506900,,,,,,,,,,
unknown_233,,,,,,,,,,,,,,,,,,,,,,,,,,,,,,,,,,,,"(2, 52, 1, 192)",,,,,,,,,,,
stress_level,,,,,,,,,,,,,,,,,,,,,,,,,,2026-04-07 14:36:00,30,,,,,,,,,-6,,79,,,,,1,,,,
unknown_297,,,,,,,,,,,,,,,,,,,,,,,,,,,,,,,2058,,,,,,1144506960,,,,,,,,,,
unknown_269,,,,,,,,,,,,,,,,,,,,,,,,,,,,,,,87,5,,,,3,1144506960,,,,,,,,,,
unknown_279,,,,,,,,,,,,,,,,,,,,,,,,,,,,,,,2605,,,,,,1144506960,,,,,,,,,,
unknown_233,,,,,,,,,,,,,,,,,,,,,,,,,,,,,,,,,,,,"(2, 52, 1, 184)",,,,,,,,,,,
stress_level,,,,,,,,,,,,,,,,,,,,,,,,,,2026-04-07 14:37:00,29,,,,,,,,,-5,,79,,,,,1,,,,
unknown_297,,,,,,,,,,,,,,,,,,,,,,,,,,,,,,,2041,,,,,,1144507020,,,,,,,,,,
monitoring,,,,,,,,,,,,,,,,,79,,,,,,,,,,,,51852,,,,,,,,,,,,,,,,,,
unknown_269,,,,,,,,,,,,,,,,,,,,,,,,,,,,,,,89,12,,,,3,1144507020,,,,,,,,,,
unknown_233,,,,,,,,,,,,,,,,,,,,,,,,,,,,,,,,,,,,"(4, 8, 0, 176)",,,,,,,,,,,
stress_level,,,,,,,,,,,,,,,,,,,,,,,,,,2026-04-07 14:38:00,30,,,,,,,,,-7,,79,,,,,1,,,,
unknown_297,,,,,,,,,,,,,,,,,,,,,,,,,,,,,,,1758,,,,,,1144507080,,,,,,,,,,
monitoring,,,,,,,,,,,,,,,,,78,,,,,,,,,,,,51912,,,,,,,,,,,,,,,,,,
unknown_269,,,,,,,,,,,,,,,,,,,,,,,,,,,,,,,94,4,,,,3,1144507080,,,,,,,,,,
unknown_279,,,,,,,,,,,,,,,,,,,,,,,,,,,,,,,2605,,,,,,1144507080,,,,,,,,,,
unknown_233,,,,,,,,,,,,,,,,,,,,,,,,,,,,,,,,,,,,"(0, 0, 224, 247)",,,,,,,,,,,
stress_level,,,,,,,,,,,,,,,,,,,,,,,,,,2026-04-07 14:39:00,28,,,,,,,,,-4,,79,,,,,1,,,,
unknown_297,,,,,,,,,,,,,,,,,,,,,,,,,,,,,,,1866,,,,,,1144507140,,,,,,,,,,
monitoring,,,,,,,,,,,,,,,,,77,,,,,,,,,,,,51972,,,,,,,,,,,,,,,,,,
unknown_269,,,,,,,,,,,,,,,,,,,,,,,,,,,,,,,95,5,,,,3,1144507140,,,,,,,,,,
unknown_233,,,,,,,,,,,,,,,,,,,,,,,,,,,,,,,,,,,,"(0, 0, 0, 80)",,,,,,,,,,,
stress_level,,,,,,,,,,,,,,,,,,,,,,,,,,2026-04-07 14:40:00,25,,,,,,,,,0,,79,,,,,1,,,,
unknown_297,,,,,,,,,,,,,,,,,,,,,,,,,,,,,,,1808,,,,,,1144507200,,,,,,,,,,
unknown_269,,,,,,,,,,,,,,,,,,,,,,,,,,,,,,,93,4,,,,3,1144507200,,,,,,,,,,
unknown_279,,,,,,,,,,,,,,,,,,,,,,,,,,,,,,,2605,,,,,,1144507200,,,,,,,,,,
unknown_233,,,,,,,,,,,,,,,,,,,,,,,,,,,,,,,,,,,,"(35, 2, 0, 0)",,,,,,,,,,,
stress_level,,,,,,,,,,,,,,,,,,,,,,,,,,2026-04-07 14:41:00,27,,,,,,,,,-2,,79,,,,,1,,,,
unknown_297,,,,,,,,,,,,,,,,,,,,,,,,,,,,,,,1675,,,,,,1144507260,,,,,,,,,,
monitoring,,,,,,,,,,,,,,,,,79,,,,,,,,,,,,52092,,,,,,,,,,,,,,,,,,
unknown_269,,,,,,,,,,,,,,,,,,,,,,,,,,,,,,,90,9,,,,3,1144507260,,,,,,,,,,
unknown_233,,,,,,,,,,,,,,,,,,,,,,,,,,,,,,,,,,,,"(2, 64, 38, 8)",,,,,,,,,,,
stress_level,,,,,,,,,,,,,,,,,,,,,,,,,,2026-04-07 14:42:00,29,,,,,,,,,-5,,79,,,,,1,,,,
unknown_297,,,,,,,,,,,,,,,,,,,,,,,,,,,,,,,1816,,,,,,1144507320,,,,,,,,,,
unknown_269,,,,,,,,,,,,,,,,,,,,,,,,,,,,,,,90,8,,,,3,1144507320,,,,,,,,,,
unknown_279,,,,,,,,,,,,,,,,,,,,,,,,,,,,,,,2605,,,,,,1144507320,,,,,,,,,,
unknown_233,,,,,,,,,,,,,,,,,,,,,,,,,,,,,,,,,,,,"(216, 193, 1, 16)",,,,,,,,,,,
monitoring,2026-04-07 14:42:00,,,sedentary,"(8,)",,,,,,,,,,,,,0,,,,,,,,,,,,,,,,,,,,,,,,,,,,,
stress_level,,,,,,,,,,,,,,,,,,,,,,,,,,2026-04-07 14:43:00,27,,,,,,,,,-2,,79,,,,,1,,,,
unknown_297,,,,,,,,,,,,,,,,,,,,,,,,,,,,,,,2250,,,,,,1144507380,,,,,,,,,,
monitoring,,,,,,,,,,,,,,,,,81,,,,,,,,,,,,52212,,,,,,,,,,,,,,,,,,
unknown_269,,,,,,,,,,,,,,,,,,,,,,,,,,,,,,,89,12,,,,3,1144507380,,,,,,,,,,
unknown_233,,,,,,,,,,,,,,,,,,,,,,,,,,,,,,,,,,,,"(2, 64, 1, 192)",,,,,,,,,,,
stress_level,,,,,,,,,,,,,,,,,,,,,,,,,,2026-04-07 14:44:00,33,,,,,,,,,-10,,79,,,,,1,,,,
unknown_297,,,,,,,,,,,,,,,,,,,,,,,,,,,,,,,1850,,,,,,1144507440,,,,,,,,,,
monitoring,,,,,,,,,,,,,,,,,84,,,,,,,,,,,,52272,,,,,,,,,,,,,,,,,,
unknown_269,,,,,,,,,,,,,,,,,,,,,,,,,,,,,,,89,2,,,,3,1144507440,,,,,,,,,,
unknown_279,,,,,,,,,,,,,,,,,,,,,,,,,,,,,,,2605,,,,,,1144507440,,,,,,,,,,
unknown_233,,,,,,,,,,,,,,,,,,,,,,,,,,,,,,,,,,,,"(2, 64, 1, 184)",,,,,,,,,,,
monitoring,2026-04-07 14:44:00,,,sedentary,"(72,)",,,,,,,,,,,,,2,,,,,,,,,,,,,,,,,,,,,,,,,,,,,
stress_level,,,,,,,,,,,,,,,,,,,,,,,,,,2026-04-07 14:45:00,42,,,,,,,,,-23,,79,,,,,1,,,,
unknown_297,,,,,,,,,,,,,,,,,,,,,,,,,,,,,,,1941,,,,,,1144507500,,,,,,,,,,
monitoring,,,,,,,,,,,,,,,,,86,,,,,,,,,,,,52332,,,,,,,,,,,,,,,,,,
unknown_269,,,,,,,,,,,,,,,,,,,,,,,,,,,,,,,89,2,,,,3,1144507500,,,,,,,,,,
unknown_233,,,,,,,,,,,,,,,,,,,,,,,,,,,,,,,,,,,,"(6, 12, 0, 176)",,,,,,,,,,,
stress_level,,,,,,,,,,,,,,,,,,,,,,,,,,2026-04-07 14:46:00,31,,,,,,,,,-8,,79,,,,,1,,,,
unknown_297,,,,,,,,,,,,,,,,,,,,,,,,,,,,,,,1866,,,,,,1144507560,,,,,,,,,,
monitoring,,,,,,,,,,,,,,,,,77,,,,,,,,,,,,52392,,,,,,,,,,,,,,,,,,
unknown_269,,,,,,,,,,,,,,,,,,,,,,,,,,,,,,,89,2,,,,3,1144507560,,,,,,,,,,
unknown_279,,,,,,,,,,,,,,,,,,,,,,,,,,,,,,,2605,,,,,,1144507560,,,,,,,,,,
unknown_233,,,,,,,,,,,,,,,,,,,,,,,,,,,,,,,,,,,,"(0, 0, 0, 24)",,,,,,,,,,,
stress_level,,,,,,,,,,,,,,,,,,,,,,,,,,2026-04-07 14:47:00,37,,,,,,,,,-16,,79,,,,,1,,,,
unknown_297,,,,,,,,,,,,,,,,,,,,,,,,,,,,,,,2208,,,,,,1144507620,,,,,,,,,,
unknown_269,,,,,,,,,,,,,,,,,,,,,,,,,,,,,,,95,17,,,,3,1144507620,,,,,,,,,,
unknown_233,,,,,,,,,,,,,,,,,,,,,,,,,,,,,,,,,,,,"(0, 0, 0, 32)",,,,,,,,,,,
stress_level,,,,,,,,,,,,,,,,,,,,,,,,,,2026-04-07 14:48:00,33,,,,,,,,,-10,,79,,,,,1,,,,
unknown_297,,,,,,,,,,,,,,,,,,,,,,,,,,,,,,,2150,,,,,,1144507680,,,,,,,,,,
unknown_269,,,,,,,,,,,,,,,,,,,,,,,,,,,,,,,100,3,,,,3,1144507680,,,,,,,,,,
unknown_279,,,,,,,,,,,,,,,,,,,,,,,,,,,,,,,2605,,,,,,1144507680,,,,,,,,,,
unknown_233,,,,,,,,,,,,,,,,,,,,,,,,,,,,,,,,,,,,"(0, 0, 224, 247)",,,,,,,,,,,
stress_level,,,,,,,,,,,,,,,,,,,,,,,,,,2026-04-07 14:49:00,32,,,,,,,,,-9,,79,,,,,1,,,,
unknown_297,,,,,,,,,,,,,,,,,,,,,,,,,,,,,,,1933,,,,,,1144507740,,,,,,,,,,
monitoring,,,,,,,,,,,,,,,,,75,,,,,,,,,,,,52572,,,,,,,,,,,,,,,,,,
unknown_269,,,,,,,,,,,,,,,,,,,,,,,,,,,,,,,100,4,,,,3,1144507740,,,,,,,,,,
unknown_233,,,,,,,,,,,,,,,,,,,,,,,,,,,,,,,,,,,,"(6, 0, 0, 40)",,,,,,,,,,,
stress_level,,,,,,,,,,,,,,,,,,,,,,,,,,2026-04-07 14:50:00,30,,,,,,,,,-7,,79,,,,,1,,,,
unknown_297,,,,,,,,,,,,,,,,,,,,,,,,,,,,,,,1866,,,,,,1144507800,,,,,,,,,,
monitoring,,,,,,,,,,,,,,,,,78,,,,,,,,,,,,52632,,,,,,,,,,,,,,,,,,
unknown_269,,,,,,,,,,,,,,,,,,,,,,,,,,,,,,,99,5,,,,3,1144507800,,,,,,,,,,
unknown_279,,,,,,,,,,,,,,,,,,,,,,,,,,,,,,,2605,,,,,,1144507800,,,,,,,,,,
unknown_233,,,,,,,,,,,,,,,,,,,,,,,,,,,,,,,,,,,,"(0, 0, 0, 48)",,,,,,,,,,,
stress_level,,,,,,,,,,,,,,,,,,,,,,,,,,2026-04-07 14:51:00,43,,,,,,,,,-24,,79,,,,,1,,,,
unknown_297,,,,,,,,,,,,,,,,,,,,,,,,,,,,,,,2008,,,,,,1144507860,,,,,,,,,,
unknown_269,,,,,,,,,,,,,,,,,,,,,,,,,,,,,,,99,3,,,,3,1144507860,,,,,,,,,,
unknown_233,,,,,,,,,,,,,,,,,,,,,,,,,,,,,,,,,,,,"(0, 0, 0, 56)",,,,,,,,,,,
stress_level,,,,,,,,,,,,,,,,,,,,,,,,,,2026-04-07 14:52:00,32,,,,,,,,,-9,,79,,,,,1,,,,
unknown_297,,,,,,,,,,,,,,,,,,,,,,,,,,,,,,,2058,,,,,,1144507920,,,,,,,,,,
monitoring,,,,,,,,,,,,,,,,,79,,,,,,,,,,,,52752,,,,,,,,,,,,,,,,,,
unknown_269,,,,,,,,,,,,,,,,,,,,,,,,,,,,,,,99,3,,,,3,1144507920,,,,,,,,,,
unknown_279,,,,,,,,,,,,,,,,,,,,,,,,,,,,,,,2605,,,,,,1144507920,,,,,,,,,,
monitoring,2026-04-07 14:52:00,,,sedentary,"(8,)",,,,,,,,,,,,,0,,,,,,,,,,,,,,,,,,,,,,,,,,,,,
unknown_233,,,,,,,,,,,,,,,,,,,,,,,,,,,,,,,,,,,,"(2, 84, 1, 192)",,,,,,,,,,,
stress_level,,,,,,,,,,,,,,,,,,,,,,,,,,2026-04-07 14:53:00,44,,,,,,,,,-25,,79,,,,,1,,,,
unknown_297,,,,,,,,,,,,,,,,,,,,,,,,,,,,,,,2058,,,,,,1144507980,,,,,,,,,,
monitoring,,,,,,,,,,,,,,,,,77,,,,,,,,,,,,52812,,,,,,,,,,,,,,,,,,
unknown_269,,,,,,,,,,,,,,,,,,,,,,,,,,,,,,,99,13,,,,3,1144507980,,,,,,,,,,
unknown_233,,,,,,,,,,,,,,,,,,,,,,,,,,,,,,,,,,,,"(0, 84, 1, 184)",,,,,,,,,,,
monitoring,2026-04-07 14:53:00,,,sedentary,"(40,)",,,,,,,,,,,,,1,,,,,,,,,,,,,,,,,,,,,,,,,,,,,
stress_level,,,,,,,,,,,,,,,,,,,,,,,,,,2026-04-07 14:54:00,39,,,,,,,,,-18,,79,,,,,1,,,,
unknown_297,,,,,,,,,,,,,,,,,,,,,,,,,,,,,,,2375,,,,,,1144508040,,,,,,,,,,
monitoring,,,,,,,,,,,,,,,,,78,,,,,,,,,,,,52872,,,,,,,,,,,,,,,,,,
unknown_269,,,,,,,,,,,,,,,,,,,,,,,,,,,,,,,97,4,,,,3,1144508040,,,,,,,,,,
unknown_279,,,,,,,,,,,,,,,,,,,,,,,,,,,,,,,2605,,,,,,1144508040,,,,,,,,,,
unknown_233,,,,,,,,,,,,,,,,,,,,,,,,,,,,,,,,,,,,"(20, 40, 0, 176)",,,,,,,,,,,
stress_level,,,,,,,,,,,,,,,,,,,,,,,,,,2026-04-07 14:55:00,28,,,,,,,,,-4,,79,,,,,1,,,,
unknown_297,,,,,,,,,,,,,,,,,,,,,,,,,,,,,,,2216,,,,,,1144508100,,,,,,,,,,
monitoring,,,,,,,,,,,,,,,,,74,,,,,,,,,,,,52932,,,,,,,,,,,,,,,,,,
unknown_269,,,,,,,,,,,,,,,,,,,,,,,,,,,,,,,96,2,,,,3,1144508100,,,,,,,,,,
unknown_233,,,,,,,,,,,,,,,,,,,,,,,,,,,,,,,,,,,,"(0, 0, 0, 64)",,,,,,,,,,,
monitoring,2026-04-07 14:55:00,,,sedentary,"(8,)",,,,,,,,,,,,,0,,,,,,,,,,,,,,,,,,,,,,,,,,,,,
stress_level,,,,,,,,,,,,,,,,,,,,,,,,,,2026-04-07 14:56:00,23,,,,,,,,,6,,79,,,,,1,,,,
unknown_297,,,,,,,,,,,,,,,,,,,,,,,,,,,,,,,2041,,,,,,1144508160,,,,,,,,,,
monitoring,,,,,,,,,,,,,,,,,78,,,,,,,,,,,,52992,,,,,,,,,,,,,,,,,,
unknown_269,,,,,,,,,,,,,,,,,,,,,,,,,,,,,,,97,4,,,,3,1144508160,,,,,,,,,,
unknown_279,,,,,,,,,,,,,,,,,,,,,,,,,,,,,,,2605,,,,,,1144508160,,,,,,,,,,
unknown_233,,,,,,,,,,,,,,,,,,,,,,,,,,,,,,,,,,,,"(0, 0, 0, 72)",,,,,,,,,,,
monitoring,2026-04-07 14:56:00,,,sedentary,"(72,)",,,,,,,,,,,,,2,,,,,,,,,,,,,,,,,,,,,,,,,,,,,
stress_level,,,,,,,,,,,,,,,,,,,,,,,,,,2026-04-07 14:57:00,24,,,,,,,,,3,,79,,,,,1,,,,
unknown_297,,,,,,,,,,,,,,,,,,,,,,,,,,,,,,,1808,,,,,,1144508220,,,,,,,,,,
monitoring,,,,,,,,,,,,,,,,,76,,,,,,,,,,,,53052,,,,,,,,,,,,,,,,,,
unknown_269,,,,,,,,,,,,,,,,,,,,,,,,,,,,,,,95,2,,,,3,1144508220,,,,,,,,,,
unknown_233,,,,,,,,,,,,,,,,,,,,,,,,,,,,,,,,,,,,"(0, 0, 0, 80)",,,,,,,,,,,
stress_level,,,,,,,,,,,,,,,,,,,,,,,,,,2026-04-07 14:58:00,36,,,,,,,,,-15,,79,,,,,1,,,,
unknown_297,,,,,,,,,,,,,,,,,,,,,,,,,,,,,,,1350,,,,,,1144508280,,,,,,,,,,
monitoring,,,,,,,,,,,,,,,,,79,,,,,,,,,,,,53112,,,,,,,,,,,,,,,,,,
unknown_269,,,,,,,,,,,,,,,,,,,,,,,,,,,,,,,98,12,,,,3,1144508280,,,,,,,,,,
unknown_279,,,,,,,,,,,,,,,,,,,,,,,,,,,,,,,2591,,,,,,1144508280,,,,,,,,,,
unknown_24,,,,,,,,,,,,,,,,,,,,,,,,,,,,,,,,,,,,"(120, 207, 55, 68, 9, 2, 1, 0, 0, 0, 0, 0, 0, 0, 0, 0, 0, 0, 0, 0, 0, 0, 0, 0, 0, 0, 0)",,,,,,,,,,,
unknown_233,,,,,,,,,,,,,,,,,,,,,,,,,,,,,,,,,,,,"(0, 0, 224, 247)",,,,,,,,,,,
stress_level,,,,,,,,,,,,,,,,,,,,,,,,,,2026-04-07 14:59:00,27,,,,,,,,,-2,,79,,,,,1,,,,
unknown_297,,,,,,,,,,,,,,,,,,,,,,,,,,,,,,,1900,,,,,,1144508340,,,,,,,,,,
monitoring,,,,,,,,,,,,,,,,,76,,,,,,,,,,,,53172,,,,,,,,,,,,,,,,,,
unknown_269,,,,,,,,,,,,,,,,,,,,,,,,,,,,,,,97,7,,,,3,1144508340,,,,,,,,,,
unknown_233,,,,,,,,,,,,,,,,,,,,,,,,,,,,,,,,,,,,"(35, 2, 0, 0)",,,,,,,,,,,
stress_level,,,,,,,,,,,,,,,,,,,,,,,,,,2026-04-07 15:00:00,33,,,,,,,,,-10,,79,,,,,1,,,,
unknown_297,,,,,,,,,,,,,,,,,,,,,,,,,,,,,,,2275,,,,,,1144508400,,,,,,,,,,
monitoring,,,,,,,,,,,,,,,,,78,,,,,,,,,,,,53232,,,,,,,,,,,,,,,,,,
unknown_269,,,,,,,,,,,,,,,,,,,,,,,,,,,,,,,94,4,,,,3,1144508400,,,,,,,,,,
unknown_279,,,,,,,,,,,,,,,,,,,,,,,,,,,,,,,2598,,,,,,1144508400,,,,,,,,,,
monitoring,2026-04-07 15:00:00,,,sedentary,"(8,)",,,,,,,,,,,,,0,,,,,,,,,,,,,,,,,,,,,,,,,,,,,
monitoring,2026-04-07 15:00:00,0,60.0,walking,,,,,,,7.49,1440,,,,,,,,,,,,,9,,,,,,,,,,,,,,,,,,,,,,
monitoring,2026-04-07 15:00:00,,,,,,,,,,,,,,,,,,,,,,,,,,,,,,,,,,,,,,0,0,,,,,,,
monitoring,2026-04-07 15:00:00,,,,,,,,,,,,,,,,,,,,,,,,,,,,,,,,,,,,,,,,0,0,,,,,
unknown_211,,,,,,,,,,,,,,,,,,,,,,,,,,,,,,,66,70,,,,,1144508400,,,,,,,,,,
unknown_24,,,,,,,,,,,,,,,,,,,,,,,,,,,,,,,,,,,,"(240, 207, 55, 68, 8, 0, 0, 0, 0, 0, 0, 0, 0, 0, 0, 0, 0, 0, 0, 0, 0, 0, 0, 0, 0, 0, 0)",,,,,,,,,,,
unknown_24,,,,,,,,,,,,,,,,,,,,,,,,,,,,,,,,,,,,"(240, 207, 55, 68, 7, 0, 2, 0, 0, 0, 0, 0, 0, 0, 0, 0, 0, 0, 0, 0, 0, 0, 0, 0, 0, 0, 0)",,,,,,,,,,,
